Certificate Number,Customer,Country,State,Blanket Exemption,Valid From,Subsidiary,Notes
Nordstrom Exempt - 297,297 Nordstrom : Nordstrom - DC 299 - Central States DC : Nordstrom - 297 - CS Rack Warehouse,US,IA,T,1/1/2023,1,"Blanket resale exemption, Nordstrom Rack store onboarding. Approved by Accounting 2026-09-02. Pattern matches the 104 existing Nordstrom full-line certificates."
Nordstrom Exempt - 003,003 Nordstrom : Nordstrom - DC 089 - Portland DC : Nordstrom - 003 - Southcenter Square Rack,US,WA,T,1/1/2023,1,"Blanket resale exemption, Nordstrom Rack store onboarding. Approved by Accounting 2026-09-02. Pattern matches the 104 existing Nordstrom full-line certificates."
Nordstrom Exempt - 011,011 Nordstrom : Nordstrom - DC 089 - Portland DC : Nordstrom - 011 - Anchorage Rack,US,AK,T,1/1/2023,1,"Blanket resale exemption, Nordstrom Rack store onboarding. Approved by Accounting 2026-09-02. Pattern matches the 104 existing Nordstrom full-line certificates."
Nordstrom Exempt - 014,014 Nordstrom : Nordstrom - DC 089 - Portland DC : Nordstrom - 014 - Factoria Square Rack,US,WA,T,1/1/2023,1,"Blanket resale exemption, Nordstrom Rack store onboarding. Approved by Accounting 2026-09-02. Pattern matches the 104 existing Nordstrom full-line certificates."
Nordstrom Exempt - 015,015 Nordstrom : Nordstrom - DC 089 - Portland DC : Nordstrom - 015 - Golde Creek Rack,US,WA,T,1/1/2023,1,"Blanket resale exemption, Nordstrom Rack store onboarding. Approved by Accounting 2026-09-02. Pattern matches the 104 existing Nordstrom full-line certificates."
Nordstrom Exempt - 016,016 Nordstrom : Nordstrom - DC 089 - Portland DC : Nordstrom - 016 - Downtown Seattle Rack,US,WA,T,1/1/2023,1,"Blanket resale exemption, Nordstrom Rack store onboarding. Approved by Accounting 2026-09-02. Pattern matches the 104 existing Nordstrom full-line certificates."
Nordstrom Exempt - 017,017 Nordstrom : Nordstrom - DC 089 - Portland DC : Nordstrom - 017 - The Outlet Collection Rack,US,WA,T,1/1/2023,1,"Blanket resale exemption, Nordstrom Rack store onboarding. Approved by Accounting 2026-09-02. Pattern matches the 104 existing Nordstrom full-line certificates."
Nordstrom Exempt - 022,022 Nordstrom : Nordstrom - DC 089 - Portland DC : Nordstrom - 022 - Clackamas Promenade Rack,US,OR,T,1/1/2023,1,"Blanket resale exemption, Nordstrom Rack store onboarding. Approved by Accounting 2026-09-02. Pattern matches the 104 existing Nordstrom full-line certificates."
Nordstrom Exempt - 027,027 Nordstrom : Nordstrom - DC 089 - Portland DC : Nordstrom - 027 - Tanasbourne Town Center Rack,US,OR,T,1/1/2023,1,"Blanket resale exemption, Nordstrom Rack store onboarding. Approved by Accounting 2026-09-02. Pattern matches the 104 existing Nordstrom full-line certificates."
Nordstrom Exempt - 033,033 Nordstrom : Nordstrom - DC 089 - Portland DC : Nordstrom - 033 - Sugarhouse Rack,US,UT,T,1/1/2023,1,"Blanket resale exemption, Nordstrom Rack store onboarding. Approved by Accounting 2026-09-02. Pattern matches the 104 existing Nordstrom full-line certificates."
Nordstrom Exempt - 036,036 Nordstrom : Nordstrom - DC 299 - Central States DC : Nordstrom - 036 - Park Meadows Rack,US,CO,T,1/1/2023,1,"Blanket resale exemption, Nordstrom Rack store onboarding. Approved by Accounting 2026-09-02. Pattern matches the 104 existing Nordstrom full-line certificates."
Nordstrom Exempt - 048,048 Nordstrom : Nordstrom - DC 499 - N California DC : Nordstrom - 048 - Ward Village Shops Rack,US,HI,T,1/1/2023,1,"Blanket resale exemption, Nordstrom Rack store onboarding. Approved by Accounting 2026-09-02. Pattern matches the 104 existing Nordstrom full-line certificates."
Nordstrom Exempt - 071,071 Nordstrom : Nordstrom - DC 089 - Portland DC : Nordstrom - 071 - Comnons at South Towne Rack,US,UT,T,1/1/2023,1,"Blanket resale exemption, Nordstrom Rack store onboarding. Approved by Accounting 2026-09-02. Pattern matches the 104 existing Nordstrom full-line certificates."
Nordstrom Exempt - 072,072 Nordstrom : Nordstrom - DC 089 - Portland DC : Nordstrom - 072 - Station Park Rack,US,UT,T,1/1/2023,1,"Blanket resale exemption, Nordstrom Rack store onboarding. Approved by Accounting 2026-09-02. Pattern matches the 104 existing Nordstrom full-line certificates."
Nordstrom Exempt - 074,074 Nordstrom : Nordstrom - DC 089 - Portland DC : Nordstrom - 074 - University Crossing Rack,US,UT,T,1/1/2023,1,"Blanket resale exemption, Nordstrom Rack store onboarding. Approved by Accounting 2026-09-02. Pattern matches the 104 existing Nordstrom full-line certificates."
Nordstrom Exempt - 109,109 Nordstrom : Nordstrom - DC 089 - Portland DC : Nordstrom - 109 - Spokane Valley Plaza Rack,US,WA,T,1/1/2023,1,"Blanket resale exemption, Nordstrom Rack store onboarding. Approved by Accounting 2026-09-02. Pattern matches the 104 existing Nordstrom full-line certificates."
Nordstrom Exempt - 110,110 Nordstrom : Nordstrom - DC 299 - Central States DC : Nordstrom - 110 - BelMar Rack,US,CO,T,1/1/2023,1,"Blanket resale exemption, Nordstrom Rack store onboarding. Approved by Accounting 2026-09-02. Pattern matches the 104 existing Nordstrom full-line certificates."
Nordstrom Exempt - 111,111 Nordstrom : Nordstrom - DC 089 - Portland DC : Nordstrom - 111 - Northgate Rack,US,WA,T,1/1/2023,1,"Blanket resale exemption, Nordstrom Rack store onboarding. Approved by Accounting 2026-09-02. Pattern matches the 104 existing Nordstrom full-line certificates."
Nordstrom Exempt - 112,112 Nordstrom : Nordstrom - DC 089 - Portland DC : Nordstrom - 112 - Oakway Center Rack,US,OR,T,1/1/2023,1,"Blanket resale exemption, Nordstrom Rack store onboarding. Approved by Accounting 2026-09-02. Pattern matches the 104 existing Nordstrom full-line certificates."
Nordstrom Exempt - 113,113 Nordstrom : Nordstrom - DC 089 - Portland DC : Nordstrom - 113 - Cascade Station Rack,US,OR,T,1/1/2023,1,"Blanket resale exemption, Nordstrom Rack store onboarding. Approved by Accounting 2026-09-02. Pattern matches the 104 existing Nordstrom full-line certificates."
Nordstrom Exempt - 120,120 Nordstrom : Nordstrom - DC 089 - Portland DC : Nordstrom - 120 - Tacoma Mall Rack,US,WA,T,1/1/2023,1,"Blanket resale exemption, Nordstrom Rack store onboarding. Approved by Accounting 2026-09-02. Pattern matches the 104 existing Nordstrom full-line certificates."
Nordstrom Exempt - 125,125 Nordstrom : Nordstrom - DC 089 - Portland DC : Nordstrom - 125 - Cascade Plaza Rack,US,OR,T,1/1/2023,1,"Blanket resale exemption, Nordstrom Rack store onboarding. Approved by Accounting 2026-09-02. Pattern matches the 104 existing Nordstrom full-line certificates."
Nordstrom Exempt - 130,130 Nordstrom : Nordstrom - DC 089 - Portland DC : Nordstrom - 130 - Boise Town Rack,US,ID,T,1/1/2023,1,"Blanket resale exemption, Nordstrom Rack store onboarding. Approved by Accounting 2026-09-02. Pattern matches the 104 existing Nordstrom full-line certificates."
Nordstrom Exempt - 135,135 Nordstrom : Nordstrom - DC 299 - Central States DC : Nordstrom - 135 - Twenty Ninth Street Rack,US,CO,T,1/1/2023,1,"Blanket resale exemption, Nordstrom Rack store onboarding. Approved by Accounting 2026-09-02. Pattern matches the 104 existing Nordstrom full-line certificates."
Nordstrom Exempt - 136,136 Nordstrom : Nordstrom - DC 299 - Central States DC : Nordstrom - 136 - Cherry Creek Rack,US,CO,T,1/1/2023,1,"Blanket resale exemption, Nordstrom Rack store onboarding. Approved by Accounting 2026-09-02. Pattern matches the 104 existing Nordstrom full-line certificates."
Nordstrom Exempt - 137,137 Nordstrom : Nordstrom - DC 299 - Central States DC : Nordstrom - 137 - Chapel Hills East Rack,US,CO,T,1/1/2023,1,"Blanket resale exemption, Nordstrom Rack store onboarding. Approved by Accounting 2026-09-02. Pattern matches the 104 existing Nordstrom full-line certificates."
Nordstrom Exempt - 138,138 Nordstrom : Nordstrom - DC 089 - Portland DC : Nordstrom - 138 - Lincoln Square Rack,US,WA,T,1/1/2023,1,"Blanket resale exemption, Nordstrom Rack store onboarding. Approved by Accounting 2026-09-02. Pattern matches the 104 existing Nordstrom full-line certificates."
Nordstrom Exempt - 139,139 Nordstrom : Nordstrom - DC 089 - Portland DC : Nordstrom - 139 - Totem Lake Rack,US,WA,T,1/1/2023,1,"Blanket resale exemption, Nordstrom Rack store onboarding. Approved by Accounting 2026-09-02. Pattern matches the 104 existing Nordstrom full-line certificates."
Nordstrom Exempt - 140,140 Nordstrom : Nordstrom - DC 299 - Central States DC : Nordstrom - 140 - Foothills Mall Rack,US,CO,T,1/1/2023,1,"Blanket resale exemption, Nordstrom Rack store onboarding. Approved by Accounting 2026-09-02. Pattern matches the 104 existing Nordstrom full-line certificates."
Nordstrom Exempt - 148,148 Nordstrom : Nordstrom - DC 299 - Central States DC : Nordstrom - 148 - The Orchard Rack,US,CO,T,1/1/2023,1,"Blanket resale exemption, Nordstrom Rack store onboarding. Approved by Accounting 2026-09-02. Pattern matches the 104 existing Nordstrom full-line certificates."
Nordstrom Exempt - 150,150 Nordstrom : Nordstrom - DC 399 - S California DC : Nordstrom - 150 - Tempe Marketplace Rack,US,AZ,T,1/1/2023,1,"Blanket resale exemption, Nordstrom Rack store onboarding. Approved by Accounting 2026-09-02. Pattern matches the 104 existing Nordstrom full-line certificates."
Nordstrom Exempt - 151,151 Nordstrom : Nordstrom - DC 399 - S California DC : Nordstrom - 151 - Wilmot Plaza Rack,US,AZ,T,1/1/2023,1,"Blanket resale exemption, Nordstrom Rack store onboarding. Approved by Accounting 2026-09-02. Pattern matches the 104 existing Nordstrom full-line certificates."
Nordstrom Exempt - 154,154 Nordstrom : Nordstrom - DC 399 - S California DC : Nordstrom - 154 - San Tan Village Rack,US,AZ,T,1/1/2023,1,"Blanket resale exemption, Nordstrom Rack store onboarding. Approved by Accounting 2026-09-02. Pattern matches the 104 existing Nordstrom full-line certificates."
Nordstrom Exempt - 155,155 Nordstrom : Nordstrom - DC 399 - S California DC : Nordstrom - 155 - Winrock Rack,US,NM,T,1/1/2023,1,"Blanket resale exemption, Nordstrom Rack store onboarding. Approved by Accounting 2026-09-02. Pattern matches the 104 existing Nordstrom full-line certificates."
Nordstrom Exempt - 160,160 Nordstrom : Nordstrom - DC 399 - S California DC : Nordstrom - 160 - The Center at Rancho Niguel Rack,US,CA,T,1/1/2023,1,"Blanket resale exemption, Nordstrom Rack store onboarding. Approved by Accounting 2026-09-02. Pattern matches the 104 existing Nordstrom full-line certificates."
Nordstrom Exempt - 161,161 Nordstrom : Nordstrom - DC 399 - S California DC : Nordstrom - 161 - Valencia Promenade Rack,US,CA,T,1/1/2023,1,"Blanket resale exemption, Nordstrom Rack store onboarding. Approved by Accounting 2026-09-02. Pattern matches the 104 existing Nordstrom full-line certificates."
Nordstrom Exempt - 162,162 Nordstrom : Nordstrom - DC 399 - S California DC : Nordstrom - 162 - El Segundo Plaza Rack,US,CA,T,1/1/2023,1,"Blanket resale exemption, Nordstrom Rack store onboarding. Approved by Accounting 2026-09-02. Pattern matches the 104 existing Nordstrom full-line certificates."
Nordstrom Exempt - 163,163 Nordstrom : Nordstrom - DC 399 - S California DC : Nordstrom - 163 - Fig at 7th Rack,US,CA,T,1/1/2023,1,"Blanket resale exemption, Nordstrom Rack store onboarding. Approved by Accounting 2026-09-02. Pattern matches the 104 existing Nordstrom full-line certificates."
Nordstrom Exempt - 164,164 Nordstrom : Nordstrom - DC 399 - S California DC : Nordstrom - 164 - Porter Ranch Rack,US,CA,T,1/1/2023,1,"Blanket resale exemption, Nordstrom Rack store onboarding. Approved by Accounting 2026-09-02. Pattern matches the 104 existing Nordstrom full-line certificates."
Nordstrom Exempt - 165,165 Nordstrom : Nordstrom - DC 399 - S California DC : Nordstrom - 165 - Marina Pacifica Mall Rack,US,CA,T,1/1/2023,1,"Blanket resale exemption, Nordstrom Rack store onboarding. Approved by Accounting 2026-09-02. Pattern matches the 104 existing Nordstrom full-line certificates."
Nordstrom Exempt - 166,166 Nordstrom : Nordstrom - DC 399 - S California DC : Nordstrom - 166 - The Shops at La Jolla Village Rack,US,CA,T,1/1/2023,1,"Blanket resale exemption, Nordstrom Rack store onboarding. Approved by Accounting 2026-09-02. Pattern matches the 104 existing Nordstrom full-line certificates."
Nordstrom Exempt - 167,167 Nordstrom : Nordstrom - DC 399 - S California DC : Nordstrom - 167 - Cerritos Plaza Rack,US,CA,T,1/1/2023,1,"Blanket resale exemption, Nordstrom Rack store onboarding. Approved by Accounting 2026-09-02. Pattern matches the 104 existing Nordstrom full-line certificates."
Nordstrom Exempt - 168,168 Nordstrom : Nordstrom - DC 399 - S California DC : Nordstrom - 168 - The Market Place Rack,US,CA,T,1/1/2023,1,"Blanket resale exemption, Nordstrom Rack store onboarding. Approved by Accounting 2026-09-02. Pattern matches the 104 existing Nordstrom full-line certificates."
Nordstrom Exempt - 200,200 Nordstrom : Nordstrom - DC 299 - Central States DC : Nordstrom - 200 - Overland Crossing Rack,US,KS,T,1/1/2023,1,"Blanket resale exemption, Nordstrom Rack store onboarding. Approved by Accounting 2026-09-02. Pattern matches the 104 existing Nordstrom full-line certificates."
Nordstrom Exempt - 217,217 Nordstrom : Nordstrom - DC 299 - Central States DC : Nordstrom - 217 - Southlands Rack,US,CO,T,1/1/2023,1,"Blanket resale exemption, Nordstrom Rack store onboarding. Approved by Accounting 2026-09-02. Pattern matches the 104 existing Nordstrom full-line certificates."
Nordstrom Exempt - 224,224 Nordstrom : Nordstrom - DC 299 - Central States DC : Nordstrom - 224 - Woodfield Rack,US,IL,T,1/1/2023,1,"Blanket resale exemption, Nordstrom Rack store onboarding. Approved by Accounting 2026-09-02. Pattern matches the 104 existing Nordstrom full-line certificates."
Nordstrom Exempt - 229,229 Nordstrom : Nordstrom - DC 299 - Central States DC : Nordstrom - 229 - Village Square Rack,US,IL,T,1/1/2023,1,"Blanket resale exemption, Nordstrom Rack store onboarding. Approved by Accounting 2026-09-02. Pattern matches the 104 existing Nordstrom full-line certificates."
Nordstrom Exempt - 231,231 Nordstrom : Nordstrom - DC 299 - Central States DC : Nordstrom - 231 - Troy Market Place Rack,US,MI,T,1/1/2023,1,"Blanket resale exemption, Nordstrom Rack store onboarding. Approved by Accounting 2026-09-02. Pattern matches the 104 existing Nordstrom full-line certificates."
Nordstrom Exempt - 233,233 Nordstrom : Nordstrom - DC 299 - Central States DC : Nordstrom - 233 - Mall of America Rack,US,MN,T,1/1/2023,1,"Blanket resale exemption, Nordstrom Rack store onboarding. Approved by Accounting 2026-09-02. Pattern matches the 104 existing Nordstrom full-line certificates."
Nordstrom Exempt - 241,241 Nordstrom : Nordstrom - DC 699 - Marlboro DC : Nordstrom - 241 - Legacy Village Rack,US,OH,T,1/1/2023,1,"Blanket resale exemption, Nordstrom Rack store onboarding. Approved by Accounting 2026-09-02. Pattern matches the 104 existing Nordstrom full-line certificates."
Nordstrom Exempt - 242,242 Nordstrom : Nordstrom - DC 299 - Central States DC : Nordstrom - 242 - Orland Park Place Rack,US,IL,T,1/1/2023,1,"Blanket resale exemption, Nordstrom Rack store onboarding. Approved by Accounting 2026-09-02. Pattern matches the 104 existing Nordstrom full-line certificates."
Nordstrom Exempt - 243,243 Nordstrom : Nordstrom - DC 299 - Central States DC : Nordstrom - 243 - Rookwood Rack,US,OH,T,1/1/2023,1,"Blanket resale exemption, Nordstrom Rack store onboarding. Approved by Accounting 2026-09-02. Pattern matches the 104 existing Nordstrom full-line certificates."
Nordstrom Exempt - 244,244 Nordstrom : Nordstrom - DC 299 - Central States DC : Nordstrom - 244 - Shops at Orchard Place Rack,US,IL,T,1/1/2023,1,"Blanket resale exemption, Nordstrom Rack store onboarding. Approved by Accounting 2026-09-02. Pattern matches the 104 existing Nordstrom full-line certificates."
Nordstrom Exempt - 245,245 Nordstrom : Nordstrom - DC 299 - Central States DC : Nordstrom - 245 - Chicago Avenue Rack,US,IL,T,1/1/2023,1,"Blanket resale exemption, Nordstrom Rack store onboarding. Approved by Accounting 2026-09-02. Pattern matches the 104 existing Nordstrom full-line certificates."
Nordstrom Exempt - 246,246 Nordstrom : Nordstrom - DC 299 - Central States DC : Nordstrom - 246 - Brentwood Square Rack,US,MO,T,1/1/2023,1,"Blanket resale exemption, Nordstrom Rack store onboarding. Approved by Accounting 2026-09-02. Pattern matches the 104 existing Nordstrom full-line certificates."
Nordstrom Exempt - 247,247 Nordstrom : Nordstrom - DC 299 - Central States DC : Nordstrom - 247 - Rivers Edge Rack,US,IN,T,1/1/2023,1,"Blanket resale exemption, Nordstrom Rack store onboarding. Approved by Accounting 2026-09-02. Pattern matches the 104 existing Nordstrom full-line certificates."
Nordstrom Exempt - 248,248 Nordstrom : Nordstrom - DC 299 - Central States DC : Nordstrom - 248 - Orchard Corners Rack,US,KS,T,1/1/2023,1,"Blanket resale exemption, Nordstrom Rack store onboarding. Approved by Accounting 2026-09-02. Pattern matches the 104 existing Nordstrom full-line certificates."
Nordstrom Exempt - 249,249 Nordstrom : Nordstrom - DC 299 - Central States DC : Nordstrom - 249 - Manchester Highlands Rack,US,MO,T,1/1/2023,1,"Blanket resale exemption, Nordstrom Rack store onboarding. Approved by Accounting 2026-09-02. Pattern matches the 104 existing Nordstrom full-line certificates."
Nordstrom Exempt - 250,250 Nordstrom : Nordstrom - DC 299 - Central States DC : Nordstrom - 250 - Bradley Fair Wichita Rack,US,KS,T,1/1/2023,1,"Blanket resale exemption, Nordstrom Rack store onboarding. Approved by Accounting 2026-09-02. Pattern matches the 104 existing Nordstrom full-line certificates."
Nordstrom Exempt - 253,253 Nordstrom : Nordstrom - DC 299 - Central States DC : Nordstrom - 253 - Mellody Farm Rack,US,IL,T,1/1/2023,1,"Blanket resale exemption, Nordstrom Rack store onboarding. Approved by Accounting 2026-09-02. Pattern matches the 104 existing Nordstrom full-line certificates."
Nordstrom Exempt - 256,256 Nordstrom : Nordstrom - DC 299 - Central States DC : Nordstrom - 256 - Woodbury Rack,US,MN,T,1/1/2023,1,"Blanket resale exemption, Nordstrom Rack store onboarding. Approved by Accounting 2026-09-02. Pattern matches the 104 existing Nordstrom full-line certificates."
Nordstrom Exempt - 264,264 Nordstrom : Nordstrom - DC 299 - Central States DC : Nordstrom - 264 - Harlem Irving Plaza Rack,US,IL,T,1/1/2023,1,"Blanket resale exemption, Nordstrom Rack store onboarding. Approved by Accounting 2026-09-02. Pattern matches the 104 existing Nordstrom full-line certificates."
Nordstrom Exempt - 265,265 Nordstrom : Nordstrom - DC 299 - Central States DC : Nordstrom - 265 - Shops on Main Rack,US,IN,T,1/1/2023,1,"Blanket resale exemption, Nordstrom Rack store onboarding. Approved by Accounting 2026-09-02. Pattern matches the 104 existing Nordstrom full-line certificates."
Nordstrom Exempt - 266,266 Nordstrom : Nordstrom - DC 299 - Central States DC : Nordstrom - 266 - Arborland Center Rack,US,MI,T,1/1/2023,1,"Blanket resale exemption, Nordstrom Rack store onboarding. Approved by Accounting 2026-09-02. Pattern matches the 104 existing Nordstrom full-line certificates."
Nordstrom Exempt - 267,267 Nordstrom : Nordstrom - DC 299 - Central States DC : Nordstrom - 267 - Great Lakes michigan Crossing Rack,US,MI,T,1/1/2023,1,"Blanket resale exemption, Nordstrom Rack store onboarding. Approved by Accounting 2026-09-02. Pattern matches the 104 existing Nordstrom full-line certificates."
Nordstrom Exempt - 268,268 Nordstrom : Nordstrom - DC 299 - Central States DC : Nordstrom - 268 - Lincoln Park Rack,US,IL,T,1/1/2023,1,"Blanket resale exemption, Nordstrom Rack store onboarding. Approved by Accounting 2026-09-02. Pattern matches the 104 existing Nordstrom full-line certificates."
Nordstrom Exempt - 269,269 Nordstrom : Nordstrom - DC 299 - Central States DC : Nordstrom - 269 - Springbrook Prairie Rack,US,IL,T,1/1/2023,1,"Blanket resale exemption, Nordstrom Rack store onboarding. Approved by Accounting 2026-09-02. Pattern matches the 104 existing Nordstrom full-line certificates."
Nordstrom Exempt - 270,270 Nordstrom : Nordstrom - DC 299 - Central States DC : Nordstrom - 270 - Oak Brook Place Rack,US,IL,T,1/1/2023,1,"Blanket resale exemption, Nordstrom Rack store onboarding. Approved by Accounting 2026-09-02. Pattern matches the 104 existing Nordstrom full-line certificates."
Nordstrom Exempt - 271,271 Nordstrom : Nordstrom - DC 299 - Central States DC : Nordstrom - 271 - Arbor Lakes Rack,US,MN,T,1/1/2023,1,"Blanket resale exemption, Nordstrom Rack store onboarding. Approved by Accounting 2026-09-02. Pattern matches the 104 existing Nordstrom full-line certificates."
Nordstrom Exempt - 272,272 Nordstrom : Nordstrom - DC 299 - Central States DC : Nordstrom - 272 - Mayfair Collection Rack,US,WI,T,1/1/2023,1,"Blanket resale exemption, Nordstrom Rack store onboarding. Approved by Accounting 2026-09-02. Pattern matches the 104 existing Nordstrom full-line certificates."
Nordstrom Exempt - 273,273 Nordstrom : Nordstrom - DC 299 - Central States DC : Nordstrom - 273 - Centerpointe Mall Rack,US,MI,T,1/1/2023,1,"Blanket resale exemption, Nordstrom Rack store onboarding. Approved by Accounting 2026-09-02. Pattern matches the 104 existing Nordstrom full-line certificates."
Nordstrom Exempt - 274,274 Nordstrom : Nordstrom - DC 299 - Central States DC : Nordstrom - 274 - The Shops at State and Washington Rack,US,IL,T,1/1/2023,1,"Blanket resale exemption, Nordstrom Rack store onboarding. Approved by Accounting 2026-09-02. Pattern matches the 104 existing Nordstrom full-line certificates."
Nordstrom Exempt - 275,275 Nordstrom : Nordstrom - DC 299 - Central States DC : Nordstrom - 275 - The Shoppes at Knollwood Rack,US,MN,T,1/1/2023,1,"Blanket resale exemption, Nordstrom Rack store onboarding. Approved by Accounting 2026-09-02. Pattern matches the 104 existing Nordstrom full-line certificates."
Nordstrom Exempt - 276,276 Nordstrom : Nordstrom - DC 699 - Marlboro DC : Nordstrom - 276 - Easton Market Rack,US,OH,T,1/1/2023,1,"Blanket resale exemption, Nordstrom Rack store onboarding. Approved by Accounting 2026-09-02. Pattern matches the 104 existing Nordstrom full-line certificates."
Nordstrom Exempt - 277,277 Nordstrom : Nordstrom - DC 699 - Marlboro DC : Nordstrom - 277 - Crocker Park Rack,US,OH,T,1/1/2023,1,"Blanket resale exemption, Nordstrom Rack store onboarding. Approved by Accounting 2026-09-02. Pattern matches the 104 existing Nordstrom full-line certificates."
Nordstrom Exempt - 278,278 Nordstrom : Nordstrom - DC 699 - Marlboro DC : Nordstrom - 278 - Sun Center Rack,US,OH,T,1/1/2023,1,"Blanket resale exemption, Nordstrom Rack store onboarding. Approved by Accounting 2026-09-02. Pattern matches the 104 existing Nordstrom full-line certificates."
Nordstrom Exempt - 279,279 Nordstrom : Nordstrom - DC 299 - Central States DC : Nordstrom - 279 - The Greene Town Center Rack,US,OH,T,1/1/2023,1,"Blanket resale exemption, Nordstrom Rack store onboarding. Approved by Accounting 2026-09-02. Pattern matches the 104 existing Nordstrom full-line certificates."
Nordstrom Exempt - 280,280 Nordstrom : Nordstrom - DC 299 - Central States DC : Nordstrom - 280 - South Loop Rack,US,IL,T,1/1/2023,1,"Blanket resale exemption, Nordstrom Rack store onboarding. Approved by Accounting 2026-09-02. Pattern matches the 104 existing Nordstrom full-line certificates."
Nordstrom Exempt - 281,281 Nordstrom : Nordstrom - DC 299 - Central States DC : Nordstrom - 281 - Shelbyville Road Plaza Rack,US,KY,T,1/1/2023,1,"Blanket resale exemption, Nordstrom Rack store onboarding. Approved by Accounting 2026-09-02. Pattern matches the 104 existing Nordstrom full-line certificates."
Nordstrom Exempt - 284,284 Nordstrom : Nordstrom - DC 299 - Central States DC : Nordstrom - 284 - The Plaza at Jordan Creek Rack,US,IA,T,1/1/2023,1,"Blanket resale exemption, Nordstrom Rack store onboarding. Approved by Accounting 2026-09-02. Pattern matches the 104 existing Nordstrom full-line certificates."
Nordstrom Exempt - 285,285 Nordstrom : Nordstrom - DC 299 - Central States DC : Nordstrom - 285 - Kildeer Village Square Rack,US,IL,T,1/1/2023,1,"Blanket resale exemption, Nordstrom Rack store onboarding. Approved by Accounting 2026-09-02. Pattern matches the 104 existing Nordstrom full-line certificates."
Nordstrom Exempt - 286,286 Nordstrom : Nordstrom - DC 299 - Central States DC : Nordstrom - 286 - West Towne Crossing Rack,US,WI,T,1/1/2023,1,"Blanket resale exemption, Nordstrom Rack store onboarding. Approved by Accounting 2026-09-02. Pattern matches the 104 existing Nordstrom full-line certificates."
Nordstrom Exempt - 288,288 Nordstrom : Nordstrom - DC 299 - Central States DC : Nordstrom - 288 - Novi West Oaks Rack,US,MI,T,1/1/2023,1,"Blanket resale exemption, Nordstrom Rack store onboarding. Approved by Accounting 2026-09-02. Pattern matches the 104 existing Nordstrom full-line certificates."
Nordstrom Exempt - 289,289 Nordstrom : Nordstrom - DC 299 - Central States DC : Nordstrom - 289 - Fashion Outlet Rack,US,IL,T,1/1/2023,1,"Blanket resale exemption, Nordstrom Rack store onboarding. Approved by Accounting 2026-09-02. Pattern matches the 104 existing Nordstrom full-line certificates."
Nordstrom Exempt - 328,328 Nordstrom : Nordstrom - DC 399 - S California DC : Nordstrom - 328 - Chino Spectrum Towne Center Rack,US,CA,T,1/1/2023,1,"Blanket resale exemption, Nordstrom Rack store onboarding. Approved by Accounting 2026-09-02. Pattern matches the 104 existing Nordstrom full-line certificates."
Nordstrom Exempt - 329,329 Nordstrom : Nordstrom - DC 399 - S California DC : Nordstrom - 329 - Brea Union Plaza Rack,US,CA,T,1/1/2023,1,"Blanket resale exemption, Nordstrom Rack store onboarding. Approved by Accounting 2026-09-02. Pattern matches the 104 existing Nordstrom full-line certificates."
Nordstrom Exempt - 331,331 Nordstrom : Nordstrom - DC 399 - S California DC : Nordstrom - 331 - Towne Center Rack,US,CA,T,1/1/2023,1,"Blanket resale exemption, Nordstrom Rack store onboarding. Approved by Accounting 2026-09-02. Pattern matches the 104 existing Nordstrom full-line certificates."
Nordstrom Exempt - 332,332 Nordstrom : Nordstrom - DC 399 - S California DC : Nordstrom - 332 - Long Beach Exchange Rack,US,CA,T,1/1/2023,1,"Blanket resale exemption, Nordstrom Rack store onboarding. Approved by Accounting 2026-09-02. Pattern matches the 104 existing Nordstrom full-line certificates."
Nordstrom Exempt - 334,334 Nordstrom : Nordstrom - DC 399 - S California DC : Nordstrom - 334 - Colonies Crossroads Rack,US,CA,T,1/1/2023,1,"Blanket resale exemption, Nordstrom Rack store onboarding. Approved by Accounting 2026-09-02. Pattern matches the 104 existing Nordstrom full-line certificates."
Nordstrom Exempt - 336,336 Nordstrom : Nordstrom - DC 399 - S California DC : Nordstrom - 336 - Outlets at Orange Rack,US,CA,T,1/1/2023,1,"Blanket resale exemption, Nordstrom Rack store onboarding. Approved by Accounting 2026-09-02. Pattern matches the 104 existing Nordstrom full-line certificates."
Nordstrom Exempt - 337,337 Nordstrom : Nordstrom - DC 399 - S California DC : Nordstrom - 337 - Laguna Hills Mall Rack,US,CA,T,1/1/2023,1,"Blanket resale exemption, Nordstrom Rack store onboarding. Approved by Accounting 2026-09-02. Pattern matches the 104 existing Nordstrom full-line certificates."
Nordstrom Exempt - 338,338 Nordstrom : Nordstrom - DC 399 - S California DC : Nordstrom - 338 - Metro Pointe at South Coast Rack,US,CA,T,1/1/2023,1,"Blanket resale exemption, Nordstrom Rack store onboarding. Approved by Accounting 2026-09-02. Pattern matches the 104 existing Nordstrom full-line certificates."
Nordstrom Exempt - 347,347 Nordstrom : Nordstrom - DC 399 - S California DC : Nordstrom - 347 - Culver City Rack,US,CA,T,1/1/2023,1,"Blanket resale exemption, Nordstrom Rack store onboarding. Approved by Accounting 2026-09-02. Pattern matches the 104 existing Nordstrom full-line certificates."
Nordstrom Exempt - 350,350 Nordstrom : Nordstrom - DC 399 - S California DC : Nordstrom - 350 - Glendale Fashion Center Rack,US,CA,T,1/1/2023,1,"Blanket resale exemption, Nordstrom Rack store onboarding. Approved by Accounting 2026-09-02. Pattern matches the 104 existing Nordstrom full-line certificates."
Nordstrom Exempt - 351,351 Nordstrom : Nordstrom - DC 399 - S California DC : Nordstrom - 351 - Beverly Connection Rack,US,CA,T,1/1/2023,1,"Blanket resale exemption, Nordstrom Rack store onboarding. Approved by Accounting 2026-09-02. Pattern matches the 104 existing Nordstrom full-line certificates."
Nordstrom Exempt - 352,352 Nordstrom : Nordstrom - DC 399 - S California DC : Nordstrom - 352 - Hastings Village Rack,US,CA,T,1/1/2023,1,"Blanket resale exemption, Nordstrom Rack store onboarding. Approved by Accounting 2026-09-02. Pattern matches the 104 existing Nordstrom full-line certificates."
Nordstrom Exempt - 354,354 Nordstrom : Nordstrom - DC 399 - S California DC : Nordstrom - 354 - Burbank Empire Center Rack,US,CA,T,1/1/2023,1,"Blanket resale exemption, Nordstrom Rack store onboarding. Approved by Accounting 2026-09-02. Pattern matches the 104 existing Nordstrom full-line certificates."
Nordstrom Exempt - 356,356 Nordstrom : Nordstrom - DC 399 - S California DC : Nordstrom - 356 - Edinger Plaza Rack,US,CA,T,1/1/2023,1,"Blanket resale exemption, Nordstrom Rack store onboarding. Approved by Accounting 2026-09-02. Pattern matches the 104 existing Nordstrom full-line certificates."
Nordstrom Exempt - 357,357 Nordstrom : Nordstrom - DC 399 - S California DC : Nordstrom - 357 - Riverside Plaza Rack,US,CA,T,1/1/2023,1,"Blanket resale exemption, Nordstrom Rack store onboarding. Approved by Accounting 2026-09-02. Pattern matches the 104 existing Nordstrom full-line certificates."
Nordstrom Exempt - 358,358 Nordstrom : Nordstrom - DC 399 - S California DC : Nordstrom - 358 - Topanga Rack,US,CA,T,1/1/2023,1,"Blanket resale exemption, Nordstrom Rack store onboarding. Approved by Accounting 2026-09-02. Pattern matches the 104 existing Nordstrom full-line certificates."
Nordstrom Exempt - 359,359 Nordstrom : Nordstrom - DC 399 - S California DC : Nordstrom - 359 - West Covina Rack,US,CA,T,1/1/2023,1,"Blanket resale exemption, Nordstrom Rack store onboarding. Approved by Accounting 2026-09-02. Pattern matches the 104 existing Nordstrom full-line certificates."
Nordstrom Exempt - 363,363 Nordstrom : Nordstrom - DC 399 - S California DC : Nordstrom - 363 - Plaza Bonita Rack,US,CA,T,1/1/2023,1,"Blanket resale exemption, Nordstrom Rack store onboarding. Approved by Accounting 2026-09-02. Pattern matches the 104 existing Nordstrom full-line certificates."
Nordstrom Exempt - 366,366 Nordstrom : Nordstrom - DC 499 - N California DC : Nordstrom - 366 - The Shops at River Walk Rack,US,CA,T,1/1/2023,1,"Blanket resale exemption, Nordstrom Rack store onboarding. Approved by Accounting 2026-09-02. Pattern matches the 104 existing Nordstrom full-line certificates."
Nordstrom Exempt - 367,367 Nordstrom : Nordstrom - DC 399 - S California DC : Nordstrom - 367 - The Shops at Town & Country Rack,US,AZ,T,1/1/2023,1,"Blanket resale exemption, Nordstrom Rack store onboarding. Approved by Accounting 2026-09-02. Pattern matches the 104 existing Nordstrom full-line certificates."
Nordstrom Exempt - 368,368 Nordstrom : Nordstrom - DC 399 - S California DC : Nordstrom - 368 - Commons at Temecula Rack,US,CA,T,1/1/2023,1,"Blanket resale exemption, Nordstrom Rack store onboarding. Approved by Accounting 2026-09-02. Pattern matches the 104 existing Nordstrom full-line certificates."
Nordstrom Exempt - 369,369 Nordstrom : Nordstrom - DC 399 - S California DC : Nordstrom - 369 - Carmel Mountain Plaza Rack,US,CA,T,1/1/2023,1,"Blanket resale exemption, Nordstrom Rack store onboarding. Approved by Accounting 2026-09-02. Pattern matches the 104 existing Nordstrom full-line certificates."
Nordstrom Exempt - 370,370 Nordstrom : Nordstrom - DC 399 - S California DC : Nordstrom - 370 - South Bay Marketplace Rack,US,CA,T,1/1/2023,1,"Blanket resale exemption, Nordstrom Rack store onboarding. Approved by Accounting 2026-09-02. Pattern matches the 104 existing Nordstrom full-line certificates."
Nordstrom Exempt - 371,371 Nordstrom : Nordstrom - DC 399 - S California DC : Nordstrom - 371 - The Shops at Summerlin Rack,US,NV,T,1/1/2023,1,"Blanket resale exemption, Nordstrom Rack store onboarding. Approved by Accounting 2026-09-02. Pattern matches the 104 existing Nordstrom full-line certificates."
Nordstrom Exempt - 372,372 Nordstrom : Nordstrom - DC 399 - S California DC : Nordstrom - 372 - Esplanade Shopping Center Rack,US,CA,T,1/1/2023,1,"Blanket resale exemption, Nordstrom Rack store onboarding. Approved by Accounting 2026-09-02. Pattern matches the 104 existing Nordstrom full-line certificates."
Nordstrom Exempt - 373,373 Nordstrom : Nordstrom - DC 399 - S California DC : Nordstrom - 373 - The Fountains at Farah Rack,US,TX,T,1/1/2023,1,"Blanket resale exemption, Nordstrom Rack store onboarding. Approved by Accounting 2026-09-02. Pattern matches the 104 existing Nordstrom full-line certificates."
Nordstrom Exempt - 374,374 Nordstrom : Nordstrom - DC 399 - S California DC : Nordstrom - 374 - Ontario Mills Rack,US,CA,T,1/1/2023,1,"Blanket resale exemption, Nordstrom Rack store onboarding. Approved by Accounting 2026-09-02. Pattern matches the 104 existing Nordstrom full-line certificates."
Nordstrom Exempt - 376,376 Nordstrom : Nordstrom - DC 399 - S California DC : Nordstrom - 376 - Stephanie Street Rack,US,NV,T,1/1/2023,1,"Blanket resale exemption, Nordstrom Rack store onboarding. Approved by Accounting 2026-09-02. Pattern matches the 104 existing Nordstrom full-line certificates."
Nordstrom Exempt - 377,377 Nordstrom : Nordstrom - DC 399 - S California DC : Nordstrom - 377 - Chandler Festival Rack,US,AZ,T,1/1/2023,1,"Blanket resale exemption, Nordstrom Rack store onboarding. Approved by Accounting 2026-09-02. Pattern matches the 104 existing Nordstrom full-line certificates."
Nordstrom Exempt - 378,378 Nordstrom : Nordstrom - DC 399 - S California DC : Nordstrom - 378 - Mission Valley Rack,US,CA,T,1/1/2023,1,"Blanket resale exemption, Nordstrom Rack store onboarding. Approved by Accounting 2026-09-02. Pattern matches the 104 existing Nordstrom full-line certificates."
Nordstrom Exempt - 379,379 Nordstrom : Nordstrom - DC 399 - S California DC : Nordstrom - 379 - Scottsdale Promenade Rack,US,AZ,T,1/1/2023,1,"Blanket resale exemption, Nordstrom Rack store onboarding. Approved by Accounting 2026-09-02. Pattern matches the 104 existing Nordstrom full-line certificates."
Nordstrom Exempt - 383,383 Nordstrom : Nordstrom - DC 399 - S California DC : Nordstrom - 383 - Grand Plaza Rack,US,CA,T,1/1/2023,1,"Blanket resale exemption, Nordstrom Rack store onboarding. Approved by Accounting 2026-09-02. Pattern matches the 104 existing Nordstrom full-line certificates."
Nordstrom Exempt - 388,388 Nordstrom : Nordstrom - DC 399 - S California DC : Nordstrom - 388 - Arrowhead Crossing Rack,US,AZ,T,1/1/2023,1,"Blanket resale exemption, Nordstrom Rack store onboarding. Approved by Accounting 2026-09-02. Pattern matches the 104 existing Nordstrom full-line certificates."
Nordstrom Exempt - 389,389 Nordstrom : Nordstrom - DC 399 - S California DC : Nordstrom - 389 - The Corner Rack,US,AZ,T,1/1/2023,1,"Blanket resale exemption, Nordstrom Rack store onboarding. Approved by Accounting 2026-09-02. Pattern matches the 104 existing Nordstrom full-line certificates."
Nordstrom Exempt - 393,393 Nordstrom : Nordstrom - DC 399 - S California DC : Nordstrom - 393 - Mountain Grove Rack,US,CA,T,1/1/2023,1,"Blanket resale exemption, Nordstrom Rack store onboarding. Approved by Accounting 2026-09-02. Pattern matches the 104 existing Nordstrom full-line certificates."
Nordstrom Exempt - 396,396 Nordstrom : Nordstrom - DC 399 - S California DC : Nordstrom - 396 - Janss Marketplace Rack,US,CA,T,1/1/2023,1,"Blanket resale exemption, Nordstrom Rack store onboarding. Approved by Accounting 2026-09-02. Pattern matches the 104 existing Nordstrom full-line certificates."
Nordstrom Exempt - 400,400 Nordstrom : Nordstrom - DC 499 - N California DC : Nordstrom - 400 - Sequoia Mall Rack,US,CA,T,1/1/2023,1,"Blanket resale exemption, Nordstrom Rack store onboarding. Approved by Accounting 2026-09-02. Pattern matches the 104 existing Nordstrom full-line certificates."
Nordstrom Exempt - 401,401 Nordstrom : Nordstrom - DC 499 - N California DC : Nordstrom - 401 - Bridgepointe Shop Center Rack,US,CA,T,1/1/2023,1,"Blanket resale exemption, Nordstrom Rack store onboarding. Approved by Accounting 2026-09-02. Pattern matches the 104 existing Nordstrom full-line certificates."
Nordstrom Exempt - 402,402 Nordstrom : Nordstrom - DC 499 - N California DC : Nordstrom - 402 - Promenade at Sacramento Gateway Rack,US,CA,T,1/1/2023,1,"Blanket resale exemption, Nordstrom Rack store onboarding. Approved by Accounting 2026-09-02. Pattern matches the 104 existing Nordstrom full-line certificates."
Nordstrom Exempt - 403,403 Nordstrom : Nordstrom - DC 399 - S California DC : Nordstrom - 403 - San Clemente Plaza Rack,US,CA,T,1/1/2023,1,"Blanket resale exemption, Nordstrom Rack store onboarding. Approved by Accounting 2026-09-02. Pattern matches the 104 existing Nordstrom full-line certificates."
Nordstrom Exempt - 405,405 Nordstrom : Nordstrom - DC 499 - N California DC : Nordstrom - 405 - The Ridge Elk Grove Rack,US,CA,T,1/1/2023,1,"Blanket resale exemption, Nordstrom Rack store onboarding. Approved by Accounting 2026-09-02. Pattern matches the 104 existing Nordstrom full-line certificates."
Nordstrom Exempt - 411,411 Nordstrom : Nordstrom - DC 399 - S California DC : Nordstrom - 411 - Canyon Springs Marketplace Rack,US,CA,T,1/1/2023,1,"Blanket resale exemption, Nordstrom Rack store onboarding. Approved by Accounting 2026-09-02. Pattern matches the 104 existing Nordstrom full-line certificates."
Nordstrom Exempt - 413,413 Nordstrom : Nordstrom - DC 399 - S California DC : Nordstrom - 413 - NoHo West Rack,US,CA,T,1/1/2023,1,"Blanket resale exemption, Nordstrom Rack store onboarding. Approved by Accounting 2026-09-02. Pattern matches the 104 existing Nordstrom full-line certificates."
Nordstrom Exempt - 414,414 Nordstrom : Nordstrom - DC 399 - S California DC : Nordstrom - 414 - Anaheim Hills Festival Rack,US,CA,T,1/1/2023,1,"Blanket resale exemption, Nordstrom Rack store onboarding. Approved by Accounting 2026-09-02. Pattern matches the 104 existing Nordstrom full-line certificates."
Nordstrom Exempt - 416,416 Nordstrom : Nordstrom - DC 399 - S California DC : Nordstrom - 416 - Desert Ridge Marketplace Rack,US,AZ,T,1/1/2023,1,"Blanket resale exemption, Nordstrom Rack store onboarding. Approved by Accounting 2026-09-02. Pattern matches the 104 existing Nordstrom full-line certificates."
Nordstrom Exempt - 428,428 Nordstrom : Nordstrom - DC 499 - N California DC : Nordstrom - 428 - Daly City Rack,US,CA,T,1/1/2023,1,"Blanket resale exemption, Nordstrom Rack store onboarding. Approved by Accounting 2026-09-02. Pattern matches the 104 existing Nordstrom full-line certificates."
Nordstrom Exempt - 431,431 Nordstrom : Nordstrom - DC 499 - N California DC : Nordstrom - 431 - San Leandro Rack,US,CA,T,1/1/2023,1,"Blanket resale exemption, Nordstrom Rack store onboarding. Approved by Accounting 2026-09-02. Pattern matches the 104 existing Nordstrom full-line certificates."
Nordstrom Exempt - 432,432 Nordstrom : Nordstrom - DC 499 - N California DC : Nordstrom - 432 - Westgate Mall Rack,US,CA,T,1/1/2023,1,"Blanket resale exemption, Nordstrom Rack store onboarding. Approved by Accounting 2026-09-02. Pattern matches the 104 existing Nordstrom full-line certificates."
Nordstrom Exempt - 433,433 Nordstrom : Nordstrom - DC 499 - N California DC : Nordstrom - 433 - Howe 'Bout Arden Center Rack,US,CA,T,1/1/2023,1,"Blanket resale exemption, Nordstrom Rack store onboarding. Approved by Accounting 2026-09-02. Pattern matches the 104 existing Nordstrom full-line certificates."
Nordstrom Exempt - 435,435 Nordstrom : Nordstrom - DC 499 - N California DC : Nordstrom - 435 - East Bay Bridge Shopping Center Rack,US,CA,T,1/1/2023,1,"Blanket resale exemption, Nordstrom Rack store onboarding. Approved by Accounting 2026-09-02. Pattern matches the 104 existing Nordstrom full-line certificates."
Nordstrom Exempt - 440,440 Nordstrom : Nordstrom - DC 499 - N California DC : Nordstrom - 440 - Pinole Vista Crossing Rack,US,CA,T,1/1/2023,1,"Blanket resale exemption, Nordstrom Rack store onboarding. Approved by Accounting 2026-09-02. Pattern matches the 104 existing Nordstrom full-line certificates."
Nordstrom Exempt - 441,441 Nordstrom : Nordstrom - DC 399 - S California DC : Nordstrom - 441 - Best in the West Rack,US,NV,T,1/1/2023,1,"Blanket resale exemption, Nordstrom Rack store onboarding. Approved by Accounting 2026-09-02. Pattern matches the 104 existing Nordstrom full-line certificates."
Nordstrom Exempt - 450,450 Nordstrom : Nordstrom - DC 499 - N California DC : Nordstrom - 450 - Clovis Crossing Rack,US,CA,T,1/1/2023,1,"Blanket resale exemption, Nordstrom Rack store onboarding. Approved by Accounting 2026-09-02. Pattern matches the 104 existing Nordstrom full-line certificates."
Nordstrom Exempt - 470,470 Nordstrom : Nordstrom - DC 499 - N California DC : Nordstrom - 470 - Roseville Rack,US,CA,T,1/1/2023,1,"Blanket resale exemption, Nordstrom Rack store onboarding. Approved by Accounting 2026-09-02. Pattern matches the 104 existing Nordstrom full-line certificates."
Nordstrom Exempt - 471,471 Nordstrom : Nordstrom - DC 499 - N California DC : Nordstrom - 471 - Fresno Rack,US,CA,T,1/1/2023,1,"Blanket resale exemption, Nordstrom Rack store onboarding. Approved by Accounting 2026-09-02. Pattern matches the 104 existing Nordstrom full-line certificates."
Nordstrom Exempt - 472,472 Nordstrom : Nordstrom - DC 499 - N California DC : Nordstrom - 472 - Ravenswood Rack,US,CA,T,1/1/2023,1,"Blanket resale exemption, Nordstrom Rack store onboarding. Approved by Accounting 2026-09-02. Pattern matches the 104 existing Nordstrom full-line certificates."
Nordstrom Exempt - 475,475 Nordstrom : Nordstrom - DC 499 - N California DC : Nordstrom - 475 - Oakridge Rack,US,CA,T,1/1/2023,1,"Blanket resale exemption, Nordstrom Rack store onboarding. Approved by Accounting 2026-09-02. Pattern matches the 104 existing Nordstrom full-line certificates."
Nordstrom Exempt - 476,476 Nordstrom : Nordstrom - DC 499 - N California DC : Nordstrom - 476 - Persimmon Place Rack,US,CA,T,1/1/2023,1,"Blanket resale exemption, Nordstrom Rack store onboarding. Approved by Accounting 2026-09-02. Pattern matches the 104 existing Nordstrom full-line certificates."
Nordstrom Exempt - 477,477 Nordstrom : Nordstrom - DC 499 - N California DC : Nordstrom - 477 - Redfield Promenade Rack,US,NV,T,1/1/2023,1,"Blanket resale exemption, Nordstrom Rack store onboarding. Approved by Accounting 2026-09-02. Pattern matches the 104 existing Nordstrom full-line certificates."
Nordstrom Exempt - 478,478 Nordstrom : Nordstrom - DC 499 - N California DC : Nordstrom - 478 - Pacific Commons Rack,US,CA,T,1/1/2023,1,"Blanket resale exemption, Nordstrom Rack store onboarding. Approved by Accounting 2026-09-02. Pattern matches the 104 existing Nordstrom full-line certificates."
Nordstrom Exempt - 479,479 Nordstrom : Nordstrom - DC 499 - N California DC : Nordstrom - 479 - Sunvalley Shopping Center Rack,US,CA,T,1/1/2023,1,"Blanket resale exemption, Nordstrom Rack store onboarding. Approved by Accounting 2026-09-02. Pattern matches the 104 existing Nordstrom full-line certificates."
Nordstrom Exempt - 481,481 Nordstrom : Nordstrom - DC 499 - N California DC : Nordstrom - 481 - Palladio at Broadstone Rack,US,CA,T,1/1/2023,1,"Blanket resale exemption, Nordstrom Rack store onboarding. Approved by Accounting 2026-09-02. Pattern matches the 104 existing Nordstrom full-line certificates."
Nordstrom Exempt - 482,482 Nordstrom : Nordstrom - DC 499 - N California DC : Nordstrom - 482 - Coddingtown Rack,US,CA,T,1/1/2023,1,"Blanket resale exemption, Nordstrom Rack store onboarding. Approved by Accounting 2026-09-02. Pattern matches the 104 existing Nordstrom full-line certificates."
Nordstrom Exempt - 483,483 Nordstrom : Nordstrom - DC 499 - N California DC : Nordstrom - 483 - Vintage Oaks Rack,US,CA,T,1/1/2023,1,"Blanket resale exemption, Nordstrom Rack store onboarding. Approved by Accounting 2026-09-02. Pattern matches the 104 existing Nordstrom full-line certificates."
Nordstrom Exempt - 484,484 Nordstrom : Nordstrom - DC 499 - N California DC : Nordstrom - 484 - Nut Tree Rack,US,CA,T,1/1/2023,1,"Blanket resale exemption, Nordstrom Rack store onboarding. Approved by Accounting 2026-09-02. Pattern matches the 104 existing Nordstrom full-line certificates."
Nordstrom Exempt - 485,485 Nordstrom : Nordstrom - DC 089 - Portland DC : Nordstrom - 485 - Cooper Point Marketplace Rack,US,WA,T,1/1/2023,1,"Blanket resale exemption, Nordstrom Rack store onboarding. Approved by Accounting 2026-09-02. Pattern matches the 104 existing Nordstrom full-line certificates."
Nordstrom Exempt - 490,490 Nordstrom : Nordstrom - DC 499 - N California DC : Nordstrom - 490 - Gilroy Crossing Rack,US,CA,T,1/1/2023,1,"Blanket resale exemption, Nordstrom Rack store onboarding. Approved by Accounting 2026-09-02. Pattern matches the 104 existing Nordstrom full-line certificates."
Nordstrom Exempt - 491,491 Nordstrom : Nordstrom - DC 399 - S California DC : Nordstrom - 491 - SLO Promenade Rack,US,CA,T,1/1/2023,1,"Blanket resale exemption, Nordstrom Rack store onboarding. Approved by Accounting 2026-09-02. Pattern matches the 104 existing Nordstrom full-line certificates."
Nordstrom Exempt - 497,497 Nordstrom : Nordstrom - DC 089 - Portland DC : Nordstrom - 497 - Valley Mall Union Gap Rack,US,WA,T,1/1/2023,1,"Blanket resale exemption, Nordstrom Rack store onboarding. Approved by Accounting 2026-09-02. Pattern matches the 104 existing Nordstrom full-line certificates."
Nordstrom Exempt - 509,509 Nordstrom : Nordstrom - DC 699 - Marlboro DC : Nordstrom - 509 - Rack at 31st & 6th,US,NY,T,1/1/2023,1,"Blanket resale exemption, Nordstrom Rack store onboarding. Approved by Accounting 2026-09-02. Pattern matches the 104 existing Nordstrom full-line certificates."
Nordstrom Exempt - 515,515 Nordstrom : Nordstrom - DC 699 - Marlboro DC : Nordstrom - 515 - Union Square Rack,US,NY,T,1/1/2023,1,"Blanket resale exemption, Nordstrom Rack store onboarding. Approved by Accounting 2026-09-02. Pattern matches the 104 existing Nordstrom full-line certificates."
Nordstrom Exempt - 519,519 Nordstrom : Nordstrom - DC 699 - Marlboro DC : Nordstrom - 519 - City Center Rack,US,NY,T,1/1/2023,1,"Blanket resale exemption, Nordstrom Rack store onboarding. Approved by Accounting 2026-09-02. Pattern matches the 104 existing Nordstrom full-line certificates."
Nordstrom Exempt - 529,529 Nordstrom : Nordstrom - DC 699 - Marlboro DC : Nordstrom - 529 - The Gallery at Westbury Plaza Rack,US,NY,T,1/1/2023,1,"Blanket resale exemption, Nordstrom Rack store onboarding. Approved by Accounting 2026-09-02. Pattern matches the 104 existing Nordstrom full-line certificates."
Nordstrom Exempt - 533,533 Nordstrom : Nordstrom - DC 699 - Marlboro DC : Nordstrom - 533 - Warwick Mall Rack,US,RI,T,1/1/2023,1,"Blanket resale exemption, Nordstrom Rack store onboarding. Approved by Accounting 2026-09-02. Pattern matches the 104 existing Nordstrom full-line certificates."
Nordstrom Exempt - 539,539 Nordstrom : Nordstrom - DC 699 - Marlboro DC : Nordstrom - 539 - Bergen Rack,US,NJ,T,1/1/2023,1,"Blanket resale exemption, Nordstrom Rack store onboarding. Approved by Accounting 2026-09-02. Pattern matches the 104 existing Nordstrom full-line certificates."
Nordstrom Exempt - 541,541 Nordstrom : Nordstrom - DC 699 - Marlboro DC : Nordstrom - 541 - University Station Rack,US,MA,T,1/1/2023,1,"Blanket resale exemption, Nordstrom Rack store onboarding. Approved by Accounting 2026-09-02. Pattern matches the 104 existing Nordstrom full-line certificates."
Nordstrom Exempt - 542,542 Nordstrom : Nordstrom - DC 699 - Marlboro DC : Nordstrom - 542 - Liberty Tree Rack,US,MA,T,1/1/2023,1,"Blanket resale exemption, Nordstrom Rack store onboarding. Approved by Accounting 2026-09-02. Pattern matches the 104 existing Nordstrom full-line certificates."
Nordstrom Exempt - 543,543 Nordstrom : Nordstrom - DC 699 - Marlboro DC : Nordstrom - 543 - Middlesex Commons Rack,US,MA,T,1/1/2023,1,"Blanket resale exemption, Nordstrom Rack store onboarding. Approved by Accounting 2026-09-02. Pattern matches the 104 existing Nordstrom full-line certificates."
Nordstrom Exempt - 544,544 Nordstrom : Nordstrom - DC 699 - Marlboro DC : Nordstrom - 544 - Willow Grove Park Rack,US,PA,T,1/1/2023,1,"Blanket resale exemption, Nordstrom Rack store onboarding. Approved by Accounting 2026-09-02. Pattern matches the 104 existing Nordstrom full-line certificates."
Nordstrom Exempt - 545,545 Nordstrom : Nordstrom - DC 699 - Marlboro DC : Nordstrom - 545 - West Farm Shopping Center Rack,US,CT,T,1/1/2023,1,"Blanket resale exemption, Nordstrom Rack store onboarding. Approved by Accounting 2026-09-02. Pattern matches the 104 existing Nordstrom full-line certificates."
Nordstrom Exempt - 546,546 Nordstrom : Nordstrom - DC 699 - Marlboro DC : Nordstrom - 546 - Shoppers World Rack,US,MA,T,1/1/2023,1,"Blanket resale exemption, Nordstrom Rack store onboarding. Approved by Accounting 2026-09-02. Pattern matches the 104 existing Nordstrom full-line certificates."
Nordstrom Exempt - 547,547 Nordstrom : Nordstrom - DC 699 - Marlboro DC : Nordstrom - 547 - Newbury Rack,US,MA,T,1/1/2023,1,"Blanket resale exemption, Nordstrom Rack store onboarding. Approved by Accounting 2026-09-02. Pattern matches the 104 existing Nordstrom full-line certificates."
Nordstrom Exempt - 548,548 Nordstrom : Nordstrom - DC 699 - Marlboro DC : Nordstrom - 548 - Manhasset Center Rack,US,NY,T,1/1/2023,1,"Blanket resale exemption, Nordstrom Rack store onboarding. Approved by Accounting 2026-09-02. Pattern matches the 104 existing Nordstrom full-line certificates."
Nordstrom Exempt - 550,550 Nordstrom : Nordstrom - DC 699 - Marlboro DC : Nordstrom - 550 - The Shoppes at Blackstone Valley Rack,US,MA,T,1/1/2023,1,"Blanket resale exemption, Nordstrom Rack store onboarding. Approved by Accounting 2026-09-02. Pattern matches the 104 existing Nordstrom full-line certificates."
Nordstrom Exempt - 551,551 Nordstrom : Nordstrom - DC 699 - Marlboro DC : Nordstrom - 551 - Chestnut Street Rack,US,PA,T,1/1/2023,1,"Blanket resale exemption, Nordstrom Rack store onboarding. Approved by Accounting 2026-09-02. Pattern matches the 104 existing Nordstrom full-line certificates."
Nordstrom Exempt - 552,552 Nordstrom : Nordstrom - DC 699 - Marlboro DC : Nordstrom - 552 - Maine Crossing Rack,US,ME,T,1/1/2023,1,"Blanket resale exemption, Nordstrom Rack store onboarding. Approved by Accounting 2026-09-02. Pattern matches the 104 existing Nordstrom full-line certificates."
Nordstrom Exempt - 553,553 Nordstrom : Nordstrom - DC 699 - Marlboro DC : Nordstrom - 553 - Braintree Rack,US,MA,T,1/1/2023,1,"Blanket resale exemption, Nordstrom Rack store onboarding. Approved by Accounting 2026-09-02. Pattern matches the 104 existing Nordstrom full-line certificates."
Nordstrom Exempt - 554,554 Nordstrom : Nordstrom - DC 699 - Marlboro DC : Nordstrom - 554 - Boulevard Consumer Square Rack,US,NY,T,1/1/2023,1,"Blanket resale exemption, Nordstrom Rack store onboarding. Approved by Accounting 2026-09-02. Pattern matches the 104 existing Nordstrom full-line certificates."
Nordstrom Exempt - 555,555 Nordstrom : Nordstrom - DC 699 - Marlboro DC : Nordstrom - 555 - Mercer Mall Rack,US,NJ,T,1/1/2023,1,"Blanket resale exemption, Nordstrom Rack store onboarding. Approved by Accounting 2026-09-02. Pattern matches the 104 existing Nordstrom full-line certificates."
Nordstrom Exempt - 610,610 Nordstrom : Nordstrom - DC 799 - Gainesville DC : Nordstrom - 610 - Presidential Markets Rack,US,GA,T,1/1/2023,1,"Blanket resale exemption, Nordstrom Rack store onboarding. Approved by Accounting 2026-09-02. Pattern matches the 104 existing Nordstrom full-line certificates."
Nordstrom Exempt - 620,620 Nordstrom : Nordstrom - DC 299 - Central States DC : Nordstrom - 620 - Denton Crossing Rack,US,TX,T,1/1/2023,1,"Blanket resale exemption, Nordstrom Rack store onboarding. Approved by Accounting 2026-09-02. Pattern matches the 104 existing Nordstrom full-line certificates."
Nordstrom Exempt - 624,624 Nordstrom : Nordstrom - DC 699 - Marlboro DC : Nordstrom - 624 - Potomac Mills Rack,US,VA,T,1/1/2023,1,"Blanket resale exemption, Nordstrom Rack store onboarding. Approved by Accounting 2026-09-02. Pattern matches the 104 existing Nordstrom full-line certificates."
Nordstrom Exempt - 625,625 Nordstrom : Nordstrom - DC 699 - Marlboro DC : Nordstrom - 625 - Columbia Crossing Rack,US,MD,T,1/1/2023,1,"Blanket resale exemption, Nordstrom Rack store onboarding. Approved by Accounting 2026-09-02. Pattern matches the 104 existing Nordstrom full-line certificates."
Nordstrom Exempt - 627,627 Nordstrom : Nordstrom - DC 699 - Marlboro DC : Nordstrom - 627 - Towson Rack,US,MD,T,1/1/2023,1,"Blanket resale exemption, Nordstrom Rack store onboarding. Approved by Accounting 2026-09-02. Pattern matches the 104 existing Nordstrom full-line certificates."
Nordstrom Exempt - 633,633 Nordstrom : Nordstrom - DC 699 - Marlboro DC : Nordstrom - 633 - Gaithersburg Rack,US,MD,T,1/1/2023,1,"Blanket resale exemption, Nordstrom Rack store onboarding. Approved by Accounting 2026-09-02. Pattern matches the 104 existing Nordstrom full-line certificates."
Nordstrom Exempt - 634,634 Nordstrom : Nordstrom - DC 699 - Marlboro DC : Nordstrom - 634 - King of Prussia Rack,US,PA,T,1/1/2023,1,"Blanket resale exemption, Nordstrom Rack store onboarding. Approved by Accounting 2026-09-02. Pattern matches the 104 existing Nordstrom full-line certificates."
Nordstrom Exempt - 640,640 Nordstrom : Nordstrom - DC 699 - Marlboro DC : Nordstrom - 640 - Fair Lakes Promenade Rack,US,VA,T,1/1/2023,1,"Blanket resale exemption, Nordstrom Rack store onboarding. Approved by Accounting 2026-09-02. Pattern matches the 104 existing Nordstrom full-line certificates."
Nordstrom Exempt - 641,641 Nordstrom : Nordstrom - DC 699 - Marlboro DC : Nordstrom - 641 - Carolina Pavilion Rack,US,NC,T,1/1/2023,1,"Blanket resale exemption, Nordstrom Rack store onboarding. Approved by Accounting 2026-09-02. Pattern matches the 104 existing Nordstrom full-line certificates."
Nordstrom Exempt - 642,642 Nordstrom : Nordstrom - DC 699 - Marlboro DC : Nordstrom - 642 - Cherry Hill Garden State Park Rack,US,NJ,T,1/1/2023,1,"Blanket resale exemption, Nordstrom Rack store onboarding. Approved by Accounting 2026-09-02. Pattern matches the 104 existing Nordstrom full-line certificates."
Nordstrom Exempt - 643,643 Nordstrom : Nordstrom - DC 699 - Marlboro DC : Nordstrom - 643 - Annapolis Harbour Center Rack,US,MD,T,1/1/2023,1,"Blanket resale exemption, Nordstrom Rack store onboarding. Approved by Accounting 2026-09-02. Pattern matches the 104 existing Nordstrom full-line certificates."
Nordstrom Exempt - 644,644 Nordstrom : Nordstrom - DC 699 - Marlboro DC : Nordstrom - 644 - Tysons Corner Rack,US,VA,T,1/1/2023,1,"Blanket resale exemption, Nordstrom Rack store onboarding. Approved by Accounting 2026-09-02. Pattern matches the 104 existing Nordstrom full-line certificates."
Nordstrom Exempt - 645,645 Nordstrom : Nordstrom - DC 699 - Marlboro DC : Nordstrom - 645 - Christiana Fashion Center Rack,US,DE,T,1/1/2023,1,"Blanket resale exemption, Nordstrom Rack store onboarding. Approved by Accounting 2026-09-02. Pattern matches the 104 existing Nordstrom full-line certificates."
Nordstrom Exempt - 646,646 Nordstrom : Nordstrom - DC 699 - Marlboro DC : Nordstrom - 646 - Livingston Center Rack,US,NJ,T,1/1/2023,1,"Blanket resale exemption, Nordstrom Rack store onboarding. Approved by Accounting 2026-09-02. Pattern matches the 104 existing Nordstrom full-line certificates."
Nordstrom Exempt - 647,647 Nordstrom : Nordstrom - DC 699 - Marlboro DC : Nordstrom - 647 - Rockaway Commons Rack,US,NJ,T,1/1/2023,1,"Blanket resale exemption, Nordstrom Rack store onboarding. Approved by Accounting 2026-09-02. Pattern matches the 104 existing Nordstrom full-line certificates."
Nordstrom Exempt - 648,648 Nordstrom : Nordstrom - DC 699 - Marlboro DC : Nordstrom - 648 - Hamilton Crossings Rack,US,PA,T,1/1/2023,1,"Blanket resale exemption, Nordstrom Rack store onboarding. Approved by Accounting 2026-09-02. Pattern matches the 104 existing Nordstrom full-line certificates."
Nordstrom Exempt - 649,649 Nordstrom : Nordstrom - DC 699 - Marlboro DC : Nordstrom - 649 - Wayne Town Center Rack,US,NJ,T,1/1/2023,1,"Blanket resale exemption, Nordstrom Rack store onboarding. Approved by Accounting 2026-09-02. Pattern matches the 104 existing Nordstrom full-line certificates."
Nordstrom Exempt - 650,650 Nordstrom : Nordstrom - DC 699 - Marlboro DC : Nordstrom - 650 - Crossroads at Eatontown Rack,US,NJ,T,1/1/2023,1,"Blanket resale exemption, Nordstrom Rack store onboarding. Approved by Accounting 2026-09-02. Pattern matches the 104 existing Nordstrom full-line certificates."
Nordstrom Exempt - 651,651 Nordstrom : Nordstrom - DC 699 - Marlboro DC : Nordstrom - 651 - Chimney Rock Rack,US,NJ,T,1/1/2023,1,"Blanket resale exemption, Nordstrom Rack store onboarding. Approved by Accounting 2026-09-02. Pattern matches the 104 existing Nordstrom full-line certificates."
Nordstrom Exempt - 652,652 Nordstrom : Nordstrom - DC 699 - Marlboro DC : Nordstrom - 652 - Shoppes at Belmont Rack,US,PA,T,1/1/2023,1,"Blanket resale exemption, Nordstrom Rack store onboarding. Approved by Accounting 2026-09-02. Pattern matches the 104 existing Nordstrom full-line certificates."
Nordstrom Exempt - 656,656 Nordstrom : Nordstrom - DC 699 - Marlboro DC : Nordstrom - 656 - Lincoln Plaza Rack,US,PA,T,1/1/2023,1,"Blanket resale exemption, Nordstrom Rack store onboarding. Approved by Accounting 2026-09-02. Pattern matches the 104 existing Nordstrom full-line certificates."
Nordstrom Exempt - 658,658 Nordstrom : Nordstrom - DC 799 - Gainesville DC : Nordstrom - 658 - Terrace at Hamilton Place Rack,US,TN,T,1/1/2023,1,"Blanket resale exemption, Nordstrom Rack store onboarding. Approved by Accounting 2026-09-02. Pattern matches the 104 existing Nordstrom full-line certificates."
Nordstrom Exempt - 660,660 Nordstrom : Nordstrom - DC 699 - Marlboro DC : Nordstrom - 660 - Woodmore Towne Center Rack,US,MD,T,1/1/2023,1,"Blanket resale exemption, Nordstrom Rack store onboarding. Approved by Accounting 2026-09-02. Pattern matches the 104 existing Nordstrom full-line certificates."
Nordstrom Exempt - 661,661 Nordstrom : Nordstrom - DC 699 - Marlboro DC : Nordstrom - 661 - Canton Crossing Rack,US,MD,T,1/1/2023,1,"Blanket resale exemption, Nordstrom Rack store onboarding. Approved by Accounting 2026-09-02. Pattern matches the 104 existing Nordstrom full-line certificates."
Nordstrom Exempt - 670,670 Nordstrom : Nordstrom - DC 699 - Marlboro DC : Nordstrom - 670 - Dulles Town Crossing Rack,US,VA,T,1/1/2023,1,"Blanket resale exemption, Nordstrom Rack store onboarding. Approved by Accounting 2026-09-02. Pattern matches the 104 existing Nordstrom full-line certificates."
Nordstrom Exempt - 671,671 Nordstrom : Nordstrom - DC 699 - Marlboro DC : Nordstrom - 671 - Pentagon Center Rack,US,VA,T,1/1/2023,1,"Blanket resale exemption, Nordstrom Rack store onboarding. Approved by Accounting 2026-09-02. Pattern matches the 104 existing Nordstrom full-line certificates."
Nordstrom Exempt - 673,673 Nordstrom : Nordstrom - DC 699 - Marlboro DC : Nordstrom - 673 - Downtown DC Rack,US,DC,T,1/1/2023,1,"Blanket resale exemption, Nordstrom Rack store onboarding. Approved by Accounting 2026-09-02. Pattern matches the 104 existing Nordstrom full-line certificates."
Nordstrom Exempt - 674,674 Nordstrom : Nordstrom - DC 699 - Marlboro DC : Nordstrom - 674 - Springfield Town Center Rack,US,VA,T,1/1/2023,1,"Blanket resale exemption, Nordstrom Rack store onboarding. Approved by Accounting 2026-09-02. Pattern matches the 104 existing Nordstrom full-line certificates."
Nordstrom Exempt - 675,675 Nordstrom : Nordstrom - DC 699 - Marlboro DC : Nordstrom - 675 - Metro Center Rack,US,DC,T,1/1/2023,1,"Blanket resale exemption, Nordstrom Rack store onboarding. Approved by Accounting 2026-09-02. Pattern matches the 104 existing Nordstrom full-line certificates."
Nordstrom Exempt - 676,676 Nordstrom : Nordstrom - DC 699 - Marlboro DC : Nordstrom - 676 - The Block Northway Rack,US,PA,T,1/1/2023,1,"Blanket resale exemption, Nordstrom Rack store onboarding. Approved by Accounting 2026-09-02. Pattern matches the 104 existing Nordstrom full-line certificates."
Nordstrom Exempt - 677,677 Nordstrom : Nordstrom - DC 699 - Marlboro DC : Nordstrom - 677 - Pembroke Mall Rack,US,VA,T,1/1/2023,1,"Blanket resale exemption, Nordstrom Rack store onboarding. Approved by Accounting 2026-09-02. Pattern matches the 104 existing Nordstrom full-line certificates."
Nordstrom Exempt - 686,686 Nordstrom : Nordstrom - DC 799 - Gainesville DC : Nordstrom - 686 - Northwoods Rack,US,TX,T,1/1/2023,1,"Blanket resale exemption, Nordstrom Rack store onboarding. Approved by Accounting 2026-09-02. Pattern matches the 104 existing Nordstrom full-line certificates."
Nordstrom Exempt - 688,688 Nordstrom : Nordstrom - DC 799 - Gainesville DC : Nordstrom - 688 - Bandera Pointe Rack,US,TX,T,1/1/2023,1,"Blanket resale exemption, Nordstrom Rack store onboarding. Approved by Accounting 2026-09-02. Pattern matches the 104 existing Nordstrom full-line certificates."
Nordstrom Exempt - 691,691 Nordstrom : Nordstrom - DC 299 - Central States DC : Nordstrom - 691 - The Village at Allen Rack,US,TX,T,1/1/2023,1,"Blanket resale exemption, Nordstrom Rack store onboarding. Approved by Accounting 2026-09-02. Pattern matches the 104 existing Nordstrom full-line certificates."
Nordstrom Exempt - 692,692 Nordstrom : Nordstrom - DC 799 - Gainesville DC : Nordstrom - 692 - Delray Beach Rack,US,FL,T,1/1/2023,1,"Blanket resale exemption, Nordstrom Rack store onboarding. Approved by Accounting 2026-09-02. Pattern matches the 104 existing Nordstrom full-line certificates."
Nordstrom Exempt - 700,700 Nordstrom : Nordstrom - DC 799 - Gainesville DC : Nordstrom - 700 - Barrett Place Rack,US,GA,T,1/1/2023,1,"Blanket resale exemption, Nordstrom Rack store onboarding. Approved by Accounting 2026-09-02. Pattern matches the 104 existing Nordstrom full-line certificates."
Nordstrom Exempt - 708,708 Nordstrom : Nordstrom - DC 799 - Gainesville DC : Nordstrom - 708 - Memphis Rack,US,TN,T,1/1/2023,1,"Blanket resale exemption, Nordstrom Rack store onboarding. Approved by Accounting 2026-09-02. Pattern matches the 104 existing Nordstrom full-line certificates."
Nordstrom Exempt - 709,709 Nordstrom : Nordstrom - DC 299 - Central States DC : Nordstrom - 709 - The Centre at Preston Ridge Rack,US,TX,T,1/1/2023,1,"Blanket resale exemption, Nordstrom Rack store onboarding. Approved by Accounting 2026-09-02. Pattern matches the 104 existing Nordstrom full-line certificates."
Nordstrom Exempt - 711,711 Nordstrom : Nordstrom - DC 799 - Gainesville DC : Nordstrom - 711 - Bowman Place Rack,US,SC,T,1/1/2023,1,"Blanket resale exemption, Nordstrom Rack store onboarding. Approved by Accounting 2026-09-02. Pattern matches the 104 existing Nordstrom full-line certificates."
Nordstrom Exempt - 712,712 Nordstrom : Nordstrom - DC 799 - Gainesville DC : Nordstrom - 712 - 1600 Commons Rack,US,FL,T,1/1/2023,1,"Blanket resale exemption, Nordstrom Rack store onboarding. Approved by Accounting 2026-09-02. Pattern matches the 104 existing Nordstrom full-line certificates."
Nordstrom Exempt - 713,713 Nordstrom : Nordstrom - DC 799 - Gainesville DC : Nordstrom - 713 - Portofino Shopping Center Rack,US,TX,T,1/1/2023,1,"Blanket resale exemption, Nordstrom Rack store onboarding. Approved by Accounting 2026-09-02. Pattern matches the 104 existing Nordstrom full-line certificates."
Nordstrom Exempt - 714,714 Nordstrom : Nordstrom - DC 799 - Gainesville DC : Nordstrom - 714 - Winter Park Rack,US,FL,T,1/1/2023,1,"Blanket resale exemption, Nordstrom Rack store onboarding. Approved by Accounting 2026-09-02. Pattern matches the 104 existing Nordstrom full-line certificates."
Nordstrom Exempt - 715,715 Nordstrom : Nordstrom - DC 799 - Gainesville DC : Nordstrom - 715 - The Parke Rack,US,TX,T,1/1/2023,1,"Blanket resale exemption, Nordstrom Rack store onboarding. Approved by Accounting 2026-09-02. Pattern matches the 104 existing Nordstrom full-line certificates."
Nordstrom Exempt - 716,716 Nordstrom : Nordstrom - DC 799 - Gainesville DC : Nordstrom - 716 - Riverwalk Rack,US,LA,T,1/1/2023,1,"Blanket resale exemption, Nordstrom Rack store onboarding. Approved by Accounting 2026-09-02. Pattern matches the 104 existing Nordstrom full-line certificates."
Nordstrom Exempt - 717,717 Nordstrom : Nordstrom - DC 799 - Gainesville DC : Nordstrom - 717 - Ambassador Plaza Rack,US,LA,T,1/1/2023,1,"Blanket resale exemption, Nordstrom Rack store onboarding. Approved by Accounting 2026-09-02. Pattern matches the 104 existing Nordstrom full-line certificates."
Nordstrom Exempt - 719,719 Nordstrom : Nordstrom - DC 299 - Central States DC : Nordstrom - 719 - Gallery on the Parkway Rack,US,TX,T,1/1/2023,1,"Blanket resale exemption, Nordstrom Rack store onboarding. Approved by Accounting 2026-09-02. Pattern matches the 104 existing Nordstrom full-line certificates."
Nordstrom Exempt - 721,721 Nordstrom : Nordstrom - DC 799 - Gainesville DC : Nordstrom - 721 - Baybrook Square Rack,US,TX,T,1/1/2023,1,"Blanket resale exemption, Nordstrom Rack store onboarding. Approved by Accounting 2026-09-02. Pattern matches the 104 existing Nordstrom full-line certificates."
Nordstrom Exempt - 727,727 Nordstrom : Nordstrom - DC 299 - Central States DC : Nordstrom - 727 - Preston Shepard Place Rack,US,TX,T,1/1/2023,1,"Blanket resale exemption, Nordstrom Rack store onboarding. Approved by Accounting 2026-09-02. Pattern matches the 104 existing Nordstrom full-line certificates."
Nordstrom Exempt - 734,734 Nordstrom : Nordstrom - DC 799 - Gainesville DC : Nordstrom - 734 - Rim Rack,US,TX,T,1/1/2023,1,"Blanket resale exemption, Nordstrom Rack store onboarding. Approved by Accounting 2026-09-02. Pattern matches the 104 existing Nordstrom full-line certificates."
Nordstrom Exempt - 735,735 Nordstrom : Nordstrom - DC 299 - Central States DC : Nordstrom - 735 - The Shops at Southlake Rack,US,TX,T,1/1/2023,1,"Blanket resale exemption, Nordstrom Rack store onboarding. Approved by Accounting 2026-09-02. Pattern matches the 104 existing Nordstrom full-line certificates."
Nordstrom Exempt - 736,736 Nordstrom : Nordstrom - DC 799 - Gainesville DC : Nordstrom - 736 - Gateway Rack,US,TX,T,1/1/2023,1,"Blanket resale exemption, Nordstrom Rack store onboarding. Approved by Accounting 2026-09-02. Pattern matches the 104 existing Nordstrom full-line certificates."
Nordstrom Exempt - 738,738 Nordstrom : Nordstrom - DC 299 - Central States DC : Nordstrom - 738 - Park Lane Rack,US,TX,T,1/1/2023,1,"Blanket resale exemption, Nordstrom Rack store onboarding. Approved by Accounting 2026-09-02. Pattern matches the 104 existing Nordstrom full-line certificates."
Nordstrom Exempt - 739,739 Nordstrom : Nordstrom - DC 299 - Central States DC : Nordstrom - 739 - Parks at Arlington Rack,US,TX,T,1/1/2023,1,"Blanket resale exemption, Nordstrom Rack store onboarding. Approved by Accounting 2026-09-02. Pattern matches the 104 existing Nordstrom full-line certificates."
Nordstrom Exempt - 740,740 Nordstrom : Nordstrom - DC 799 - Gainesville DC : Nordstrom - 740 - Sunset Valley Rack,US,TX,T,1/1/2023,1,"Blanket resale exemption, Nordstrom Rack store onboarding. Approved by Accounting 2026-09-02. Pattern matches the 104 existing Nordstrom full-line certificates."
Nordstrom Exempt - 741,741 Nordstrom : Nordstrom - DC 799 - Gainesville DC : Nordstrom - 741 - Centre at Post Oak Rack,US,TX,T,1/1/2023,1,"Blanket resale exemption, Nordstrom Rack store onboarding. Approved by Accounting 2026-09-02. Pattern matches the 104 existing Nordstrom full-line certificates."
Nordstrom Exempt - 743,743 Nordstrom : Nordstrom - DC 799 - Gainesville DC : Nordstrom - 743 - Promenade Shops Rack,US,FL,T,1/1/2023,1,"Blanket resale exemption, Nordstrom Rack store onboarding. Approved by Accounting 2026-09-02. Pattern matches the 104 existing Nordstrom full-line certificates."
Nordstrom Exempt - 744,744 Nordstrom : Nordstrom - DC 799 - Gainesville DC : Nordstrom - 744 - Market at Town Center Rack,US,TX,T,1/1/2023,1,"Blanket resale exemption, Nordstrom Rack store onboarding. Approved by Accounting 2026-09-02. Pattern matches the 104 existing Nordstrom full-line certificates."
Nordstrom Exempt - 745,745 Nordstrom : Nordstrom - DC 799 - Gainesville DC : Nordstrom - 745 - Alamo Quarry Rack,US,TX,T,1/1/2023,1,"Blanket resale exemption, Nordstrom Rack store onboarding. Approved by Accounting 2026-09-02. Pattern matches the 104 existing Nordstrom full-line certificates."
Nordstrom Exempt - 747,747 Nordstrom : Nordstrom - DC 799 - Gainesville DC : Nordstrom - 747 - Willowbrook Mall Rack,US,TX,T,1/1/2023,1,"Blanket resale exemption, Nordstrom Rack store onboarding. Approved by Accounting 2026-09-02. Pattern matches the 104 existing Nordstrom full-line certificates."
Nordstrom Exempt - 748,748 Nordstrom : Nordstrom - DC 799 - Gainesville DC : Nordstrom - 748 - Village Plaza at Bunker Hill Rack,US,TX,T,1/1/2023,1,"Blanket resale exemption, Nordstrom Rack store onboarding. Approved by Accounting 2026-09-02. Pattern matches the 104 existing Nordstrom full-line certificates."
Nordstrom Exempt - 749,749 Nordstrom : Nordstrom - DC 299 - Central States DC : Nordstrom - 749 - Woodland Plaza Rack,US,OK,T,1/1/2023,1,"Blanket resale exemption, Nordstrom Rack store onboarding. Approved by Accounting 2026-09-02. Pattern matches the 104 existing Nordstrom full-line certificates."
Nordstrom Exempt - 754,754 Nordstrom : Nordstrom - DC 699 - Marlboro DC : Nordstrom - 754 - Renaissance Center Rack,US,NC,T,1/1/2023,1,"Blanket resale exemption, Nordstrom Rack store onboarding. Approved by Accounting 2026-09-02. Pattern matches the 104 existing Nordstrom full-line certificates."
Nordstrom Exempt - 755,755 Nordstrom : Nordstrom - DC 799 - Gainesville DC : Nordstrom - 755 - University Commons Rack,US,FL,T,1/1/2023,1,"Blanket resale exemption, Nordstrom Rack store onboarding. Approved by Accounting 2026-09-02. Pattern matches the 104 existing Nordstrom full-line certificates."
Nordstrom Exempt - 756,756 Nordstrom : Nordstrom - DC 799 - Gainesville DC : Nordstrom - 756 - The Markets at Town Center Rack,US,FL,T,1/1/2023,1,"Blanket resale exemption, Nordstrom Rack store onboarding. Approved by Accounting 2026-09-02. Pattern matches the 104 existing Nordstrom full-line certificates."
Nordstrom Exempt - 757,757 Nordstrom : Nordstrom - DC 799 - Gainesville DC : Nordstrom - 757 - Mercato Rack,US,FL,T,1/1/2023,1,"Blanket resale exemption, Nordstrom Rack store onboarding. Approved by Accounting 2026-09-02. Pattern matches the 104 existing Nordstrom full-line certificates."
Nordstrom Exempt - 758,758 Nordstrom : Nordstrom - DC 799 - Gainesville DC : Nordstrom - 758 - Brentwood Place Shopping Center Rack,US,TN,T,1/1/2023,1,"Blanket resale exemption, Nordstrom Rack store onboarding. Approved by Accounting 2026-09-02. Pattern matches the 104 existing Nordstrom full-line certificates."
Nordstrom Exempt - 764,764 Nordstrom : Nordstrom - DC 799 - Gainesville DC : Nordstrom - 764 - Mall of Georgia Crossing Rack,US,GA,T,1/1/2023,1,"Blanket resale exemption, Nordstrom Rack store onboarding. Approved by Accounting 2026-09-02. Pattern matches the 104 existing Nordstrom full-line certificates."
Nordstrom Exempt - 771,771 Nordstrom : Nordstrom - DC 799 - Gainesville DC : Nordstrom - 771 - Sawgrass Mills Rack,US,FL,T,1/1/2023,1,"Blanket resale exemption, Nordstrom Rack store onboarding. Approved by Accounting 2026-09-02. Pattern matches the 104 existing Nordstrom full-line certificates."
Nordstrom Exempt - 777,777 Nordstrom : Nordstrom - DC 799 - Gainesville DC : Nordstrom - 777 - Miracle Marketplace Rack,US,FL,T,1/1/2023,1,"Blanket resale exemption, Nordstrom Rack store onboarding. Approved by Accounting 2026-09-02. Pattern matches the 104 existing Nordstrom full-line certificates."
Nordstrom Exempt - 778,778 Nordstrom : Nordstrom - DC 799 - Gainesville DC : Nordstrom - 778 - Millenia Crossing Rack,US,FL,T,1/1/2023,1,"Blanket resale exemption, Nordstrom Rack store onboarding. Approved by Accounting 2026-09-02. Pattern matches the 104 existing Nordstrom full-line certificates."
Nordstrom Exempt - 779,779 Nordstrom : Nordstrom - DC 799 - Gainesville DC : Nordstrom - 779 - Kendall Town & Country Rack,US,FL,T,1/1/2023,1,"Blanket resale exemption, Nordstrom Rack store onboarding. Approved by Accounting 2026-09-02. Pattern matches the 104 existing Nordstrom full-line certificates."
Nordstrom Exempt - 781,781 Nordstrom : Nordstrom - DC 799 - Gainesville DC : Nordstrom - 781 - Tampa Rack,US,FL,T,1/1/2023,1,"Blanket resale exemption, Nordstrom Rack store onboarding. Approved by Accounting 2026-09-02. Pattern matches the 104 existing Nordstrom full-line certificates."
Nordstrom Exempt - 782,782 Nordstrom : Nordstrom - DC 799 - Gainesville DC : Nordstrom - 782 - Buckhead Station Rack,US,GA,T,1/1/2023,1,"Blanket resale exemption, Nordstrom Rack store onboarding. Approved by Accounting 2026-09-02. Pattern matches the 104 existing Nordstrom full-line certificates."
Nordstrom Exempt - 783,783 Nordstrom : Nordstrom - DC 799 - Gainesville DC : Nordstrom - 783 - North Point Market Center Rack,US,GA,T,1/1/2023,1,"Blanket resale exemption, Nordstrom Rack store onboarding. Approved by Accounting 2026-09-02. Pattern matches the 104 existing Nordstrom full-line certificates."
Nordstrom Exempt - 784,784 Nordstrom : Nordstrom - DC 799 - Gainesville DC : Nordstrom - 784 - Palm Beach Outlets Rack,US,FL,T,1/1/2023,1,"Blanket resale exemption, Nordstrom Rack store onboarding. Approved by Accounting 2026-09-02. Pattern matches the 104 existing Nordstrom full-line certificates."
Nordstrom Exempt - 785,785 Nordstrom : Nordstrom - DC 299 - Central States DC : Nordstrom - 785 - Belle Isle Station Rack,US,OK,T,1/1/2023,1,"Blanket resale exemption, Nordstrom Rack store onboarding. Approved by Accounting 2026-09-02. Pattern matches the 104 existing Nordstrom full-line certificates."
Nordstrom Exempt - 786,786 Nordstrom : Nordstrom - DC 799 - Gainesville DC : Nordstrom - 786 - Shoppes at University Town Center Rack,US,FL,T,1/1/2023,1,"Blanket resale exemption, Nordstrom Rack store onboarding. Approved by Accounting 2026-09-02. Pattern matches the 104 existing Nordstrom full-line certificates."
Nordstrom Exempt - 787,787 Nordstrom : Nordstrom - DC 799 - Gainesville DC : Nordstrom - 787 - River Ridge Shopping Center Rack,US,AL,T,1/1/2023,1,"Blanket resale exemption, Nordstrom Rack store onboarding. Approved by Accounting 2026-09-02. Pattern matches the 104 existing Nordstrom full-line certificates."
Nordstrom Exempt - 788,788 Nordstrom : Nordstrom - DC 799 - Gainesville DC : Nordstrom - 788 - Perimeter Expo Rack,US,GA,T,1/1/2023,1,"Blanket resale exemption, Nordstrom Rack store onboarding. Approved by Accounting 2026-09-02. Pattern matches the 104 existing Nordstrom full-line certificates."
Nordstrom Exempt - 791,791 Nordstrom : Nordstrom - DC 799 - Gainesville DC : Nordstrom - 791 - Harbison Court Rack,US,SC,T,1/1/2023,1,"Blanket resale exemption, Nordstrom Rack store onboarding. Approved by Accounting 2026-09-02. Pattern matches the 104 existing Nordstrom full-line certificates."
Nordstrom Exempt - 792,792 Nordstrom : Nordstrom - DC 799 - Gainesville DC : Nordstrom - 792 - Magnolia Park Rack,US,SC,T,1/1/2023,1,"Blanket resale exemption, Nordstrom Rack store onboarding. Approved by Accounting 2026-09-02. Pattern matches the 104 existing Nordstrom full-line certificates."
Nordstrom Exempt - 793,793 Nordstrom : Nordstrom - DC 799 - Gainesville DC : Nordstrom - 793 - Countryside Mall Rack,US,FL,T,1/1/2023,1,"Blanket resale exemption, Nordstrom Rack store onboarding. Approved by Accounting 2026-09-02. Pattern matches the 104 existing Nordstrom full-line certificates."
Nordstrom Exempt - 796,796 Nordstrom : Nordstrom - DC 799 - Gainesville DC : Nordstrom - 796 - Lake Brandon Plaza Rack,US,FL,T,1/1/2023,1,"Blanket resale exemption, Nordstrom Rack store onboarding. Approved by Accounting 2026-09-02. Pattern matches the 104 existing Nordstrom full-line certificates."
Nordstrom Exempt - 797,797 Nordstrom : Nordstrom - DC 799 - Gainesville DC : Nordstrom - 797 - The Shops at Midtown Miami Rack,US,FL,T,1/1/2023,1,"Blanket resale exemption, Nordstrom Rack store onboarding. Approved by Accounting 2026-09-02. Pattern matches the 104 existing Nordstrom full-line certificates."
Nordstrom Exempt - 798,798 Nordstrom : Nordstrom - DC 799 - Gainesville DC : Nordstrom - 798 - The Mall of Louisiana Rack,US,LA,T,1/1/2023,1,"Blanket resale exemption, Nordstrom Rack store onboarding. Approved by Accounting 2026-09-02. Pattern matches the 104 existing Nordstrom full-line certificates."
Nordstrom Exempt - 1003,1003 Nordstrom : Nordstrom - DC 089 - Portland DC : Nordstrom - 1003 - The Village at Meridian Rack,US,ID,T,1/1/2023,1,"Blanket resale exemption, Nordstrom Rack store onboarding. Approved by Accounting 2026-09-02. Pattern matches the 104 existing Nordstrom full-line certificates."
Nordstrom Exempt - 1015,1015 Nordstrom : Nordstrom - DC 089 - Portland DC : Nordstrom - 1015 - Tri Citites Center Rack,US,WA,T,1/1/2023,1,"Blanket resale exemption, Nordstrom Rack store onboarding. Approved by Accounting 2026-09-02. Pattern matches the 104 existing Nordstrom full-line certificates."
Nordstrom Exempt - 1018,1018 Nordstrom : Nordstrom - DC 089 - Portland DC : Nordstrom - 1018 - Northpointe Plaza Rack,US,WA,T,1/1/2023,1,"Blanket resale exemption, Nordstrom Rack store onboarding. Approved by Accounting 2026-09-02. Pattern matches the 104 existing Nordstrom full-line certificates."
Nordstrom Exempt - 2221,2221 Nordstrom : Nordstrom - DC 299 - Central States DC : Nordstrom - 2221 - Danada Square East Rack,US,IL,T,1/1/2023,1,"Blanket resale exemption, Nordstrom Rack store onboarding. Approved by Accounting 2026-09-02. Pattern matches the 104 existing Nordstrom full-line certificates."
Nordstrom Exempt - 2223,2223 Nordstrom : Nordstrom - DC 299 - Central States DC : Nordstrom - 2223 - Randal Square Rack,US,IL,T,1/1/2023,1,"Blanket resale exemption, Nordstrom Rack store onboarding. Approved by Accounting 2026-09-02. Pattern matches the 104 existing Nordstrom full-line certificates."
Nordstrom Exempt - 2224,2224 Nordstrom : Nordstrom - DC 299 - Central States DC : Nordstrom - 2224 - Bloomingdale Court Rack,US,IL,T,1/1/2023,1,"Blanket resale exemption, Nordstrom Rack store onboarding. Approved by Accounting 2026-09-02. Pattern matches the 104 existing Nordstrom full-line certificates."
Nordstrom Exempt - 2235,2235 Nordstrom : Nordstrom - DC 299 - Central States DC : Nordstrom - 2235 - Shoppes at Stadium Rack,US,MO,T,1/1/2023,1,"Blanket resale exemption, Nordstrom Rack store onboarding. Approved by Accounting 2026-09-02. Pattern matches the 104 existing Nordstrom full-line certificates."
Nordstrom Exempt - 2242,2242 Nordstrom : Nordstrom - DC 299 - Central States DC : Nordstrom - 2242 - Village Pointe Rack,US,NE,T,1/1/2023,1,"Blanket resale exemption, Nordstrom Rack store onboarding. Approved by Accounting 2026-09-02. Pattern matches the 104 existing Nordstrom full-line certificates."
Nordstrom Exempt - 2243,2243 Nordstrom : Nordstrom - DC 299 - Central States DC : Nordstrom - 2243 - Fischer Marketplace Rack,US,MN,T,1/1/2023,1,"Blanket resale exemption, Nordstrom Rack store onboarding. Approved by Accounting 2026-09-02. Pattern matches the 104 existing Nordstrom full-line certificates."
Nordstrom Exempt - 2261,2261 Nordstrom : Nordstrom - DC 699 - Marlboro DC : Nordstrom - 2261 - Macedonia Gateway Rack,US,OH,T,1/1/2023,1,"Blanket resale exemption, Nordstrom Rack store onboarding. Approved by Accounting 2026-09-02. Pattern matches the 104 existing Nordstrom full-line certificates."
Nordstrom Exempt - 2262,2262 Nordstrom : Nordstrom - DC 299 - Central States DC : Nordstrom - 2262 - Deerfield Towne Center Rack,US,OH,T,1/1/2023,1,"Blanket resale exemption, Nordstrom Rack store onboarding. Approved by Accounting 2026-09-02. Pattern matches the 104 existing Nordstrom full-line certificates."
Nordstrom Exempt - 2263,2263 Nordstrom : Nordstrom - DC 299 - Central States DC : Nordstrom - 2263 - Hamilton Town Center Rack,US,IN,T,1/1/2023,1,"Blanket resale exemption, Nordstrom Rack store onboarding. Approved by Accounting 2026-09-02. Pattern matches the 104 existing Nordstrom full-line certificates."
Nordstrom Exempt - 2264,2264 Nordstrom : Nordstrom - DC 699 - Marlboro DC : Nordstrom - 2264 - The Venue at Belden Rack,US,OH,T,1/1/2023,1,"Blanket resale exemption, Nordstrom Rack store onboarding. Approved by Accounting 2026-09-02. Pattern matches the 104 existing Nordstrom full-line certificates."
Nordstrom Exempt - 2265,2265 Nordstrom : Nordstrom - DC 699 - Marlboro DC : Nordstrom - 2265 - Montrose Plaza Rack,US,OH,T,1/1/2023,1,"Blanket resale exemption, Nordstrom Rack store onboarding. Approved by Accounting 2026-09-02. Pattern matches the 104 existing Nordstrom full-line certificates."
Nordstrom Exempt - 2281,"2281 Nordstrom : Nordstrom - DC 299 - Central States DC : Nordstrom - 2281 - Hunter's Square Rack (Farmington Hills, MI)",US,IA,T,1/1/2023,1,"Blanket resale exemption, Nordstrom Rack store onboarding. Approved by Accounting 2026-09-02. Pattern matches the 104 existing Nordstrom full-line certificates."
Nordstrom Exempt - 3341,3341 Nordstrom : Nordstrom - DC 399 - S California DC : Nordstrom - 3341 - The Village Walk Rack,US,CA,T,1/1/2023,1,"Blanket resale exemption, Nordstrom Rack store onboarding. Approved by Accounting 2026-09-02. Pattern matches the 104 existing Nordstrom full-line certificates."
Nordstrom Exempt - 3361,3361 Nordstrom : Nordstrom - DC 399 - S California DC : Nordstrom - 3361 - Pacific Coast Plaza Rack,US,CA,T,1/1/2023,1,"Blanket resale exemption, Nordstrom Rack store onboarding. Approved by Accounting 2026-09-02. Pattern matches the 104 existing Nordstrom full-line certificates."
Nordstrom Exempt - 3362,3362 Nordstrom : Nordstrom - DC 399 - S California DC : Nordstrom - 3362 - Clairemont Town Square Rack,US,CA,T,1/1/2023,1,"Blanket resale exemption, Nordstrom Rack store onboarding. Approved by Accounting 2026-09-02. Pattern matches the 104 existing Nordstrom full-line certificates."
Nordstrom Exempt - 3363,3363 Nordstrom : Nordstrom - DC 399 - S California DC : Nordstrom - 3363 - El Camino Promenade Rack,US,CA,T,1/1/2023,1,"Blanket resale exemption, Nordstrom Rack store onboarding. Approved by Accounting 2026-09-02. Pattern matches the 104 existing Nordstrom full-line certificates."
Nordstrom Exempt - 3716,3716 Nordstrom : Nordstrom - DC 799 - Gainesville DC : Nordstrom - 3716 - Las Tiendas Shopping Center Rack,US,TX,T,1/1/2023,1,"Blanket resale exemption, Nordstrom Rack store onboarding. Approved by Accounting 2026-09-02. Pattern matches the 104 existing Nordstrom full-line certificates."
Nordstrom Exempt - 3719,3719 Nordstrom : Nordstrom - DC 299 - Central States DC : Nordstrom - 3719 - Highlands of Flower Mound Rack,US,TX,T,1/1/2023,1,"Blanket resale exemption, Nordstrom Rack store onboarding. Approved by Accounting 2026-09-02. Pattern matches the 104 existing Nordstrom full-line certificates."
Nordstrom Exempt - 3721,3721 Nordstrom : Nordstrom - DC 799 - Gainesville DC : Nordstrom - 3721 - Meryerland Plaza Rack,US,TX,T,1/1/2023,1,"Blanket resale exemption, Nordstrom Rack store onboarding. Approved by Accounting 2026-09-02. Pattern matches the 104 existing Nordstrom full-line certificates."
Nordstrom Exempt - 3722,3722 Nordstrom : Nordstrom - DC 799 - Gainesville DC : Nordstrom - 3722 - Westchase Shopping Center Rack,US,TX,T,1/1/2023,1,"Blanket resale exemption, Nordstrom Rack store onboarding. Approved by Accounting 2026-09-02. Pattern matches the 104 existing Nordstrom full-line certificates."
Nordstrom Exempt - 3724,3724 Nordstrom : Nordstrom - DC 299 - Central States DC : Nordstrom - 3724 - The Gates of Prosper Rack,US,TX,T,1/1/2023,1,"Blanket resale exemption, Nordstrom Rack store onboarding. Approved by Accounting 2026-09-02. Pattern matches the 104 existing Nordstrom full-line certificates."
Nordstrom Exempt - 3726,3726 Nordstrom : Nordstrom - DC 299 - Central States DC : Nordstrom - 3726 - West End Center Rack,US,TX,T,1/1/2023,1,"Blanket resale exemption, Nordstrom Rack store onboarding. Approved by Accounting 2026-09-02. Pattern matches the 104 existing Nordstrom full-line certificates."
Nordstrom Exempt - 3729,3729 Nordstrom : Nordstrom - DC 799 - Gainesville DC : Nordstrom - 3729 - Elmwood Shopping Center Rack,US,LA,T,1/1/2023,1,"Blanket resale exemption, Nordstrom Rack store onboarding. Approved by Accounting 2026-09-02. Pattern matches the 104 existing Nordstrom full-line certificates."
Nordstrom Exempt - 3731,3731 Nordstrom : Nordstrom - DC 299 - Central States DC : Nordstrom - 3731 - Denver West Village Rack,US,CO,T,1/1/2023,1,"Blanket resale exemption, Nordstrom Rack store onboarding. Approved by Accounting 2026-09-02. Pattern matches the 104 existing Nordstrom full-line certificates."
Nordstrom Exempt - 3732,3732 Nordstrom : Nordstrom - DC 299 - Central States DC : Nordstrom - 3732 - Harvest Junction Rack,US,CO,T,1/1/2023,1,"Blanket resale exemption, Nordstrom Rack store onboarding. Approved by Accounting 2026-09-02. Pattern matches the 104 existing Nordstrom full-line certificates."
Nordstrom Exempt - 3733,3733 Nordstrom : Nordstrom - DC 089 - Portland DC : Nordstrom - 3733 - Junction Commons Rack,US,UT,T,1/1/2023,1,"Blanket resale exemption, Nordstrom Rack store onboarding. Approved by Accounting 2026-09-02. Pattern matches the 104 existing Nordstrom full-line certificates."
Nordstrom Exempt - 3735,3735 Nordstrom : Nordstrom - DC 299 - Central States DC : Nordstrom - 3735 - Dillon Ridge Rack,US,CO,T,1/1/2023,1,"Blanket resale exemption, Nordstrom Rack store onboarding. Approved by Accounting 2026-09-02. Pattern matches the 104 existing Nordstrom full-line certificates."
Nordstrom Exempt - 3761,3761 Nordstrom : Nordstrom - DC 399 - S California DC : Nordstrom - 3761 - Queen Creek Marketplace Rack,US,AZ,T,1/1/2023,1,"Blanket resale exemption, Nordstrom Rack store onboarding. Approved by Accounting 2026-09-02. Pattern matches the 104 existing Nordstrom full-line certificates."
Nordstrom Exempt - 3762,3762 Nordstrom : Nordstrom - DC 399 - S California DC : Nordstrom - 3762 - Prasada North Rack,US,AZ,T,1/1/2023,1,"Blanket resale exemption, Nordstrom Rack store onboarding. Approved by Accounting 2026-09-02. Pattern matches the 104 existing Nordstrom full-line certificates."
Nordstrom Exempt - 4421,4421 Nordstrom : Nordstrom - DC 499 - N California DC : Nordstrom - 4421 - The Davis Collection Rack,US,CA,T,1/1/2023,1,"Blanket resale exemption, Nordstrom Rack store onboarding. Approved by Accounting 2026-09-02. Pattern matches the 104 existing Nordstrom full-line certificates."
Nordstrom Exempt - 5501,5501 Nordstrom : Nordstrom - DC 699 - Marlboro DC : Nordstrom - 5501 - The Shops at SunVet Rack,US,NY,T,1/1/2023,1,"Blanket resale exemption, Nordstrom Rack store onboarding. Approved by Accounting 2026-09-02. Pattern matches the 104 existing Nordstrom full-line certificates."
Nordstrom Exempt - 5502,5502 Nordstrom : Nordstrom - DC 699 - Marlboro DC : Nordstrom - 5502 - Smith Haven Plaza Rack,US,NY,T,1/1/2023,1,"Blanket resale exemption, Nordstrom Rack store onboarding. Approved by Accounting 2026-09-02. Pattern matches the 104 existing Nordstrom full-line certificates."
Nordstrom Exempt - 5511,5511 Nordstrom : Nordstrom - DC 699 - Marlboro DC : Nordstrom - 5511 - Gardiner Manor Mall Rack,US,NY,T,1/1/2023,1,"Blanket resale exemption, Nordstrom Rack store onboarding. Approved by Accounting 2026-09-02. Pattern matches the 104 existing Nordstrom full-line certificates."
Nordstrom Exempt - 5521,5521 Nordstrom : Nordstrom - DC 699 - Marlboro DC : Nordstrom - 5521 - Manalapan Commons Rack,US,NJ,T,1/1/2023,1,"Blanket resale exemption, Nordstrom Rack store onboarding. Approved by Accounting 2026-09-02. Pattern matches the 104 existing Nordstrom full-line certificates."
Nordstrom Exempt - 5522,5522 Nordstrom : Nordstrom - DC 699 - Marlboro DC : Nordstrom - 5522 - Deptford Town Center Rack,US,NJ,T,1/1/2023,1,"Blanket resale exemption, Nordstrom Rack store onboarding. Approved by Accounting 2026-09-02. Pattern matches the 104 existing Nordstrom full-line certificates."
Nordstrom Exempt - 5523,5523 Nordstrom : Nordstrom - DC 699 - Marlboro DC : Nordstrom - 5523 - Willow Ridge Rack,US,NJ,T,1/1/2023,1,"Blanket resale exemption, Nordstrom Rack store onboarding. Approved by Accounting 2026-09-02. Pattern matches the 104 existing Nordstrom full-line certificates."
Nordstrom Exempt - 5524,5524 Nordstrom : Nordstrom - DC 699 - Marlboro DC : Nordstrom - 5524 - Brunswick Square Rack,US,NJ,T,1/1/2023,1,"Blanket resale exemption, Nordstrom Rack store onboarding. Approved by Accounting 2026-09-02. Pattern matches the 104 existing Nordstrom full-line certificates."
Nordstrom Exempt - 5525,5525 Nordstrom : Nordstrom - DC 699 - Marlboro DC : Nordstrom - 5525 - Interstate Shopping Center Rack,US,NJ,T,1/1/2023,1,"Blanket resale exemption, Nordstrom Rack store onboarding. Approved by Accounting 2026-09-02. Pattern matches the 104 existing Nordstrom full-line certificates."
Nordstrom Exempt - 5531,5531 Nordstrom : Nordstrom - DC 699 - Marlboro DC : Nordstrom - 5531 - Royal Ridge Center Rack,US,NH,T,1/1/2023,1,"Blanket resale exemption, Nordstrom Rack store onboarding. Approved by Accounting 2026-09-02. Pattern matches the 104 existing Nordstrom full-line certificates."
Nordstrom Exempt - 5543,5543 Nordstrom : Nordstrom - DC 699 - Marlboro DC : Nordstrom - 5543 - Mansfield Crossing Rack,US,MA,T,1/1/2023,1,"Blanket resale exemption, Nordstrom Rack store onboarding. Approved by Accounting 2026-09-02. Pattern matches the 104 existing Nordstrom full-line certificates."
Nordstrom Exempt - 5548,5548 Nordstrom : Nordstrom - DC 699 - Marlboro DC : Nordstrom - 5548 - Colony Place Rack,US,MA,T,1/1/2023,1,"Blanket resale exemption, Nordstrom Rack store onboarding. Approved by Accounting 2026-09-02. Pattern matches the 104 existing Nordstrom full-line certificates."
Nordstrom Exempt - 5549,5549 Nordstrom : Nordstrom - DC 699 - Marlboro DC : Nordstrom - 5549 - Landing at Hyannis Rack,US,MA,T,1/1/2023,1,"Blanket resale exemption, Nordstrom Rack store onboarding. Approved by Accounting 2026-09-02. Pattern matches the 104 existing Nordstrom full-line certificates."
Nordstrom Exempt - 6601,6601 Nordstrom : Nordstrom - DC 699 - Marlboro DC : Nordstrom - 6601 - Settlers Market Rack,US,VA,T,1/1/2023,1,"Blanket resale exemption, Nordstrom Rack store onboarding. Approved by Accounting 2026-09-02. Pattern matches the 104 existing Nordstrom full-line certificates."
Nordstrom Exempt - 6621,6621 Nordstrom : Nordstrom - DC 699 - Marlboro DC : Nordstrom - 6621 - Main Street At Exton Rack,US,PA,T,1/1/2023,1,"Blanket resale exemption, Nordstrom Rack store onboarding. Approved by Accounting 2026-09-02. Pattern matches the 104 existing Nordstrom full-line certificates."
Nordstrom Exempt - 6622,6622 Nordstrom : Nordstrom - DC 699 - Marlboro DC : Nordstrom - 6622 - Promenade at Granite Run Rack,US,PA,T,1/1/2023,1,"Blanket resale exemption, Nordstrom Rack store onboarding. Approved by Accounting 2026-09-02. Pattern matches the 104 existing Nordstrom full-line certificates."
Nordstrom Exempt - 6626,6626 Nordstrom : Nordstrom - DC 699 - Marlboro DC : Nordstrom - 6626 - Congressional Plaza Rack,US,MD,T,1/1/2023,1,"Blanket resale exemption, Nordstrom Rack store onboarding. Approved by Accounting 2026-09-02. Pattern matches the 104 existing Nordstrom full-line certificates."
Nordstrom Exempt - 7742,7742 Nordstrom : Nordstrom - DC 799 - Gainesville DC : Nordstrom - 7742 - The Plaza at Citrus Park Rack,US,FL,T,1/1/2023,1,"Blanket resale exemption, Nordstrom Rack store onboarding. Approved by Accounting 2026-09-02. Pattern matches the 104 existing Nordstrom full-line certificates."
Nordstrom Exempt - 7751,7751 Nordstrom : Nordstrom - DC 699 - Marlboro DC : Nordstrom - 7751 - Mooresville crossing Rack,US,NC,T,1/1/2023,1,"Blanket resale exemption, Nordstrom Rack store onboarding. Approved by Accounting 2026-09-02. Pattern matches the 104 existing Nordstrom full-line certificates."
Nordstrom Exempt - 7752,7752 Nordstrom : Nordstrom - DC 699 - Marlboro DC : Nordstrom - 7752 - Triangle Town Place Rack,US,NC,T,1/1/2023,1,"Blanket resale exemption, Nordstrom Rack store onboarding. Approved by Accounting 2026-09-02. Pattern matches the 104 existing Nordstrom full-line certificates."
Nordstrom Exempt - 7753,7753 Nordstrom : Nordstrom - DC 799 - Gainesville DC : Nordstrom - 7753 - Cool Springs Market Rack,US,TN,T,1/1/2023,1,"Blanket resale exemption, Nordstrom Rack store onboarding. Approved by Accounting 2026-09-02. Pattern matches the 104 existing Nordstrom full-line certificates."
Nordstrom Exempt - 7754,7754 Nordstrom : Nordstrom - DC 699 - Marlboro DC : Nordstrom - 7754 - Sycamore Commons Rack,US,NC,T,1/1/2023,1,"Blanket resale exemption, Nordstrom Rack store onboarding. Approved by Accounting 2026-09-02. Pattern matches the 104 existing Nordstrom full-line certificates."
Nordstrom Exempt - 7755,7755 Nordstrom : Nordstrom - DC 699 - Marlboro DC : Nordstrom - 7755 - Park West Village Rack,US,NC,T,1/1/2023,1,"Blanket resale exemption, Nordstrom Rack store onboarding. Approved by Accounting 2026-09-02. Pattern matches the 104 existing Nordstrom full-line certificates."
Nordstrom Exempt - 7756,7756 Nordstrom : Nordstrom - DC 799 - Gainesville DC : Nordstrom - 7756 - Pinnacle at Turkey Creek Rack,US,TN,T,1/1/2023,1,"Blanket resale exemption, Nordstrom Rack store onboarding. Approved by Accounting 2026-09-02. Pattern matches the 104 existing Nordstrom full-line certificates."
Nordstrom Exempt - 7760,7760 Nordstrom : Nordstrom - DC 799 - Gainesville DC : Nordstrom - 7760 - Pompano Citi Centere Rack,US,FL,T,1/1/2023,1,"Blanket resale exemption, Nordstrom Rack store onboarding. Approved by Accounting 2026-09-02. Pattern matches the 104 existing Nordstrom full-line certificates."
Nordstrom Exempt - 7761,7761 Nordstrom : Nordstrom - DC 799 - Gainesville DC : Nordstrom - 7761 - South Beach Regional Rack,US,FL,T,1/1/2023,1,"Blanket resale exemption, Nordstrom Rack store onboarding. Approved by Accounting 2026-09-02. Pattern matches the 104 existing Nordstrom full-line certificates."
Nordstrom Exempt - 7762,7762 Nordstrom : Nordstrom - DC 799 - Gainesville DC : Nordstrom - 7762 - Bell Tower Shops Rack,US,FL,T,1/1/2023,1,"Blanket resale exemption, Nordstrom Rack store onboarding. Approved by Accounting 2026-09-02. Pattern matches the 104 existing Nordstrom full-line certificates."
Nordstrom Exempt - 7763,7763 Nordstrom : Nordstrom - DC 799 - Gainesville DC : Nordstrom - 7763 - Pine Ridge Square Rack,US,FL,T,1/1/2023,1,"Blanket resale exemption, Nordstrom Rack store onboarding. Approved by Accounting 2026-09-02. Pattern matches the 104 existing Nordstrom full-line certificates."
Nordstrom Exempt - 7764,7764 Nordstrom : Nordstrom - DC 799 - Gainesville DC : Nordstrom - 7764 - The Avenue Viera Rack,US,FL,T,1/1/2023,1,"Blanket resale exemption, Nordstrom Rack store onboarding. Approved by Accounting 2026-09-02. Pattern matches the 104 existing Nordstrom full-line certificates."
Nordstrom Exempt - 7766,7766 Nordstrom : Nordstrom - DC 799 - Gainesville DC : Nordstrom - 7766 - Lakeside Village Rack,US,FL,T,1/1/2023,1,"Blanket resale exemption, Nordstrom Rack store onboarding. Approved by Accounting 2026-09-02. Pattern matches the 104 existing Nordstrom full-line certificates."
Nordstrom Exempt - 7767,7767 Nordstrom : Nordstrom - DC 799 - Gainesville DC : Nordstrom - 7767 - Coconut Point Rack,US,FL,T,1/1/2023,1,"Blanket resale exemption, Nordstrom Rack store onboarding. Approved by Accounting 2026-09-02. Pattern matches the 104 existing Nordstrom full-line certificates."
Nordstrom Exempt - 7768,7768 Nordstrom : Nordstrom - DC 799 - Gainesville DC : Nordstrom - 7768 - Lake Nona West Rack,US,FL,T,1/1/2023,1,"Blanket resale exemption, Nordstrom Rack store onboarding. Approved by Accounting 2026-09-02. Pattern matches the 104 existing Nordstrom full-line certificates."
Nordstrom Exempt - 7769,7769 Nordstrom : Nordstrom - DC 799 - Gainesville DC : Nordstrom - 7769 - Sarasota Pavillion Rack,US,FL,T,1/1/2023,1,"Blanket resale exemption, Nordstrom Rack store onboarding. Approved by Accounting 2026-09-02. Pattern matches the 104 existing Nordstrom full-line certificates."
Nordstrom Exempt - 7771,7771 Nordstrom : Nordstrom - DC 799 - Gainesville DC : Nordstrom - 7771 - Johns Creek Town Center Rack,US,GA,T,1/1/2023,1,"Blanket resale exemption, Nordstrom Rack store onboarding. Approved by Accounting 2026-09-02. Pattern matches the 104 existing Nordstrom full-line certificates."
Nordstrom Exempt - 7773,7773 Nordstrom : Nordstrom - DC 799 - Gainesville DC : Nordstrom - 7773 - Atlantic Station Rack,US,GA,T,1/1/2023,1,"Blanket resale exemption, Nordstrom Rack store onboarding. Approved by Accounting 2026-09-02. Pattern matches the 104 existing Nordstrom full-line certificates."
Nordstrom Exempt - 7785,7785 Nordstrom : Nordstrom - DC 299 - Central States DC : Nordstrom - 7785 - New Towne Plaza Rack,US,MI,T,1/1/2023,1,"Blanket resale exemption, Nordstrom Rack store onboarding. Approved by Accounting 2026-09-02. Pattern matches the 104 existing Nordstrom full-line certificates."
